homeTeamStats,awayTeamStats,Stat,id
59.3,40.7,Possession %,93645
10.0,2.0,Shots on target,93645
14.0,10.0,Shots,93645
828.0,564.0,Touches,93645
611.0,399.0,Passes,93645
10.0,17.0,Tackles,93645
24.0,6.0,Clearances,93645
4.0,8.0,Corners,93645
0.0,4.0,Offsides,93645
1.0,4.0,Yellow cards,93645
5.0,21.0,Fouls conceded,93645
6.0,0.0,Goal,93645
69.8,30.2,Possession %,93646
6.0,5.0,Shots on target,93646
21.0,8.0,Shots,93646
975.0,567.0,Touches,93646
725.0,324.0,Passes,93646
26.0,27.0,Tackles,93646
11.0,45.0,Clearances,93646
11.0,1.0,Corners,93646
2.0,5.0,Offsides,93646
1.0,1.0,Yellow cards,93646
10.0,10.0,Fouls conceded,93646
0.0,1.0,Goal,93646
58.2,41.8,Possession %,93650
4.0,10.0,Shots on target,93650
15.0,18.0,Shots,93650
794.0,616.0,Touches,93650
549.0,412.0,Passes,93650
16.0,26.0,Tackles,93650
12.0,35.0,Clearances,93650
8.0,3.0,Corners,93650
1.0,0.0,Offsides,93650
1.0,2.0,Yellow cards,93650
6.0,13.0,Fouls conceded,93650
0.0,2.0,Goal,93650
51.5,48.5,Possession %,93641
4.0,2.0,Shots on target,93641
18.0,11.0,Shots,93641
643.0,605.0,Touches,93641
450.0,425.0,Passes,93641
21.0,18.0,Tackles,93641
15.0,14.0,Clearances,93641
4.0,6.0,Corners,93641
5.0,1.0,Offsides,93641
3.0,1.0,Yellow cards,93641
12.0,7.0,Fouls conceded,93641
0.0,2.0,Goal,93641
27.1,72.9,Possession %,93648
5.0,2.0,Shots on target,93648
18.0,11.0,Shots,93648
369.0,742.0,Touches,93648
189.0,575.0,Passes,93648
12.0,14.0,Tackles,93648
22.0,15.0,Clearances,93648
16.0,3.0,Corners,93648
1.0,3.0,Offsides,93648
0.0,4.0,Yellow cards,93648
14.0,12.0,Fouls conceded,93648
4.0,0.0,Goal,93648
53.2,46.8,Possession %,93643
5.0,2.0,Shots on target,93643
9.0,8.0,Shots,93643
594.0,516.0,Touches,93643
391.0,344.0,Passes,93643
12.0,13.0,Tackles,93643
28.0,15.0,Clearances,93643
3.0,6.0,Corners,93643
3.0,2.0,Offsides,93643
3.0,1.0,Yellow cards,93643
8.0,11.0,Fouls conceded,93643
2.0,0.0,Goal,93643
44.5,55.5,Possession %,93644
3.0,8.0,Shots on target,93644
11.0,20.0,Shots,93644
638.0,761.0,Touches,93644
453.0,567.0,Passes,93644
22.0,16.0,Tackles,93644
18.0,14.0,Clearances,93644
4.0,5.0,Corners,93644
1.0,4.0,Offsides,93644
1.0,2.0,Yellow cards,93644
18.0,8.0,Fouls conceded,93644
1.0,1.0,Goal,93644
73.6,26.4,Possession %,93647
13.0,2.0,Shots on target,93647
37.0,4.0,Shots,93647
939.0,450.0,Touches,93647
763.0,276.0,Passes,93647
20.0,13.0,Tackles,93647
3.0,28.0,Clearances,93647
12.0,1.0,Corners,93647
0.0,1.0,Offsides,93647
1.0,0.0,Yellow cards,93647
7.0,6.0,Fouls conceded,93647
5.0,1.0,Goal,93647
46.2,53.8,Possession %,93649
9.0,4.0,Shots on target,93649
18.0,11.0,Shots,93649
609.0,719.0,Touches,93649
438.0,525.0,Passes,93649
14.0,14.0,Tackles,93649
7.0,30.0,Clearances,93649
10.0,1.0,Corners,93649
1.0,1.0,Offsides,93649
2.0,3.0,Yellow cards,93649
15.0,10.0,Fouls conceded,93649
2.0,2.0,Goal,93649
43.0,57.0,Possession %,93642
5.0,2.0,Shots on target,93642
20.0,8.0,Shots,93642
575.0,709.0,Touches,93642
382.0,528.0,Passes,93642
18.0,13.0,Tackles,93642
17.0,16.0,Clearances,93642
7.0,2.0,Corners,93642
1.0,2.0,Offsides,93642
4.0,0.0,Yellow cards,93642
13.0,14.0,Fouls conceded,93642
2.0,2.0,Goal,93642
38.0,62.0,Possession %,93637
5.0,7.0,Shots on target,93637
9.0,28.0,Shots,93637
560.0,791.0,Touches,93637
362.0,574.0,Passes,93637
32.0,15.0,Tackles,93637
30.0,13.0,Clearances,93637
6.0,11.0,Corners,93637
3.0,2.0,Offsides,93637
5.0,2.0,Yellow cards,93637
9.0,10.0,Fouls conceded,93637
2.0,2.0,Goal,93637
32.2,67.8,Possession %,93638
6.0,3.0,Shots on target,93638
11.0,6.0,Shots,93638
487.0,848.0,Touches,93638
316.0,697.0,Passes,93638
13.0,10.0,Tackles,93638
22.0,21.0,Clearances,93638
7.0,6.0,Corners,93638
4.0,2.0,Yellow cards,93638
12.0,10.0,Fouls conceded,93638
2.0,2.0,Goal,93638
63.6,36.4,Possession %,93639
7.0,6.0,Shots on target,93639
17.0,13.0,Shots,93639
834.0,575.0,Touches,93639
668.0,380.0,Passes,93639
17.0,10.0,Tackles,93639
13.0,22.0,Clearances,93639
12.0,2.0,Corners,93639
2.0,2.0,Offsides,93639
2.0,4.0,Yellow cards,93639
11.0,12.0,Fouls conceded,93639
3.0,1.0,Goal,93639
24.5,75.5,Possession %,93633
4.0,8.0,Shots on target,93633
7.0,18.0,Shots,93633
429.0,993.0,Touches,93633
274.0,845.0,Passes,93633
17.0,9.0,Tackles,93633
25.0,10.0,Clearances,93633
2.0,9.0,Corners,93633
2.0,1.0,Offsides,93633
1.0,1.0,Yellow cards,93633
13.0,3.0,Fouls conceded,93633
2.0,4.0,Goal,93633
70.0,30.0,Possession %,93631
3.0,3.0,Shots on target,93631
11.0,8.0,Shots,93631
735.0,417.0,Touches,93631
571.0,247.0,Passes,93631
8.0,11.0,Tackles,93631
18.0,25.0,Clearances,93631
11.0,3.0,Corners,93631
0.0,4.0,Offsides,93631
2.0,2.0,Yellow cards,93631
15.0,11.0,Fouls conceded,93631
3.0,3.0,Goal,93631
37.0,63.0,Possession %,93634
3.0,1.0,Shots on target,93634
12.0,6.0,Shots,93634
507.0,706.0,Touches,93634
294.0,523.0,Passes,93634
26.0,14.0,Tackles,93634
25.0,17.0,Clearances,93634
3.0,5.0,Corners,93634
10.0,1.0,Offsides,93634
2.0,1.0,Yellow cards,93634
0.0,1.0,Red cards,93634
11.0,13.0,Fouls conceded,93634
1.0,0.0,Goal,93634
66.6,33.4,Possession %,93635
4.0,5.0,Shots on target,93635
14.0,12.0,Shots,93635
782.0,510.0,Touches,93635
588.0,296.0,Passes,93635
20.0,14.0,Tackles,93635
6.0,32.0,Clearances,93635
14.0,3.0,Corners,93635
0.0,2.0,Offsides,93635
1.0,2.0,Yellow cards,93635
10.0,13.0,Fouls conceded,93635
0.0,1.0,Goal,93635
55.8,44.2,Possession %,93636
9.0,1.0,Shots on target,93636
19.0,8.0,Shots,93636
627.0,559.0,Touches,93636
401.0,327.0,Passes,93636
24.0,23.0,Tackles,93636
18.0,30.0,Clearances,93636
7.0,2.0,Corners,93636
7.0,14.0,Fouls conceded,93636
2.0,1.0,Goal,93636
58.3,41.7,Possession %,93640
7.0,4.0,Shots on target,93640
14.0,11.0,Shots,93640
798.0,634.0,Touches,93640
595.0,414.0,Passes,93640
35.0,22.0,Tackles,93640
16.0,15.0,Clearances,93640
4.0,4.0,Corners,93640
3.0,0.0,Offsides,93640
5.0,2.0,Yellow cards,93640
15.0,7.0,Fouls conceded,93640
1.0,2.0,Goal,93640
54.7,45.3,Possession %,93632
2.0,7.0,Shots on target,93632
10.0,20.0,Shots,93632
711.0,621.0,Touches,93632
529.0,439.0,Passes,93632
19.0,14.0,Tackles,93632
17.0,17.0,Clearances,93632
8.0,7.0,Corners,93632
2.0,2.0,Offsides,93632
1.0,2.0,Yellow cards,93632
14.0,13.0,Fouls conceded,93632
0.0,3.0,Goal,93632
82.9,17.1,Possession %,93628
9.0,3.0,Shots on target,93628
29.0,5.0,Shots,93628
985.0,340.0,Touches,93628
786.0,168.0,Passes,93628
15.0,17.0,Tackles,93628
5.0,40.0,Clearances,93628
13.0,1.0,Corners,93628
0.0,1.0,Offsides,93628
0.0,1.0,Yellow cards,93628
6.0,9.0,Fouls conceded,93628
3.0,1.0,Goal,93628
56.6,43.4,Possession %,93627
10.0,5.0,Shots on target,93627
28.0,19.0,Shots,93627
745.0,610.0,Touches,93627
549.0,426.0,Passes,93627
12.0,18.0,Tackles,93627
6.0,16.0,Clearances,93627
12.0,3.0,Corners,93627
3.0,0.0,Offsides,93627
3.0,1.0,Yellow cards,93627
7.0,15.0,Fouls conceded,93627
4.0,3.0,Goal,93627
58.0,42.0,Possession %,93621
4.0,1.0,Shots on target,93621
13.0,5.0,Shots,93621
771.0,584.0,Touches,93621
614.0,430.0,Passes,93621
10.0,17.0,Tackles,93621
15.0,12.0,Clearances,93621
3.0,1.0,Corners,93621
1.0,1.0,Offsides,93621
1.0,1.0,Yellow cards,93621
12.0,8.0,Fouls conceded,93621
2.0,0.0,Goal,93621
33.0,67.0,Possession %,93623
2.0,6.0,Shots on target,93623
5.0,24.0,Shots,93623
476.0,842.0,Touches,93623
326.0,662.0,Passes,93623
15.0,14.0,Tackles,93623
14.0,12.0,Clearances,93623
1.0,5.0,Corners,93623
3.0,0.0,Offsides,93623
1.0,1.0,Yellow cards,93623
9.0,12.0,Fouls conceded,93623
0.0,0.0,Goal,93623
67.0,33.0,Possession %,93629
11.0,3.0,Shots on target,93629
25.0,8.0,Shots,93629
884.0,512.0,Touches,93629
701.0,337.0,Passes,93629
26.0,21.0,Tackles,93629
6.0,16.0,Clearances,93629
2.0,3.0,Corners,93629
1.0,1.0,Offsides,93629
1.0,2.0,Yellow cards,93629
6.0,13.0,Fouls conceded,93629
4.0,1.0,Goal,93629
58.2,41.8,Possession %,93630
6.0,3.0,Shots on target,93630
18.0,10.0,Shots,93630
705.0,564.0,Touches,93630
495.0,361.0,Passes,93630
21.0,17.0,Tackles,93630
19.0,29.0,Clearances,93630
7.0,3.0,Corners,93630
2.0,0.0,Offsides,93630
0.0,3.0,Yellow cards,93630
9.0,14.0,Fouls conceded,93630
1.0,1.0,Goal,93630
33.3,66.7,Possession %,93625
4.0,3.0,Shots on target,93625
16.0,18.0,Shots,93625
508.0,797.0,Touches,93625
324.0,629.0,Passes,93625
11.0,15.0,Tackles,93625
36.0,13.0,Clearances,93625
3.0,8.0,Corners,93625
2.0,0.0,Offsides,93625
1.0,0.0,Yellow cards,93625
7.0,8.0,Fouls conceded,93625
3.0,1.0,Goal,93625
50.2,49.8,Possession %,93622
6.0,2.0,Shots on target,93622
11.0,3.0,Shots,93622
677.0,663.0,Touches,93622
442.0,457.0,Passes,93622
20.0,29.0,Tackles,93622
23.0,27.0,Clearances,93622
9.0,2.0,Corners,93622
0.0,4.0,Offsides,93622
3.0,2.0,Yellow cards,93622
13.0,14.0,Fouls conceded,93622
1.0,0.0,Goal,93622
50.9,49.1,Possession %,93624
6.0,2.0,Shots on target,93624
13.0,8.0,Shots,93624
662.0,665.0,Touches,93624
468.0,468.0,Passes,93624
16.0,18.0,Tackles,93624
13.0,29.0,Clearances,93624
7.0,4.0,Corners,93624
2.0,5.0,Offsides,93624
0.0,2.0,Yellow cards,93624
10.0,12.0,Fouls conceded,93624
1.0,1.0,Goal,93624
32.3,67.7,Possession %,93626
4.0,4.0,Shots on target,93626
11.0,13.0,Shots,93626
510.0,863.0,Touches,93626
302.0,662.0,Passes,93626
16.0,21.0,Tackles,93626
19.0,17.0,Clearances,93626
9.0,5.0,Corners,93626
3.0,1.0,Offsides,93626
1.0,4.0,Yellow cards,93626
13.0,9.0,Fouls conceded,93626
1.0,1.0,Goal,93626
54.3,45.7,Possession %,93615
8.0,3.0,Shots on target,93615
30.0,9.0,Shots,93615
791.0,694.0,Touches,93615
585.0,484.0,Passes,93615
19.0,28.0,Tackles,93615
14.0,23.0,Clearances,93615
8.0,4.0,Corners,93615
5.0,3.0,Offsides,93615
5.0,3.0,Yellow cards,93615
20.0,6.0,Fouls conceded,93615
2.0,1.0,Goal,93615
72.5,27.5,Possession %,93616
1.0,2.0,Shots on target,93616
12.0,6.0,Shots,93616
895.0,440.0,Touches,93616
700.0,269.0,Passes,93616
13.0,20.0,Tackles,93616
7.0,24.0,Clearances,93616
7.0,4.0,Corners,93616
2.0,1.0,Offsides,93616
0.0,2.0,Yellow cards,93616
9.0,20.0,Fouls conceded,93616
0.0,0.0,Goal,93616
59.9,40.1,Possession %,93617
9.0,4.0,Shots on target,93617
24.0,10.0,Shots,93617
707.0,545.0,Touches,93617
518.0,343.0,Passes,93617
24.0,21.0,Tackles,93617
13.0,22.0,Clearances,93617
3.0,4.0,Corners,93617
1.0,2.0,Offsides,93617
1.0,1.0,Yellow cards,93617
1.0,0.0,Red cards,93617
9.0,8.0,Fouls conceded,93617
4.0,3.0,Goal,93617
48.6,51.4,Possession %,93612
4.0,3.0,Shots on target,93612
11.0,7.0,Shots,93612
570.0,608.0,Touches,93612
360.0,391.0,Passes,93612
14.0,24.0,Tackles,93612
30.0,29.0,Clearances,93612
9.0,8.0,Corners,93612
0.0,4.0,Offsides,93612
1.0,2.0,Yellow cards,93612
14.0,11.0,Fouls conceded,93612
2.0,1.0,Goal,93612
69.1,30.9,Possession %,93614
13.0,7.0,Shots on target,93614
33.0,18.0,Shots,93614
811.0,456.0,Touches,93614
630.0,271.0,Passes,93614
8.0,10.0,Tackles,93614
10.0,26.0,Clearances,93614
12.0,4.0,Corners,93614
3.0,0.0,Offsides,93614
2.0,2.0,Yellow cards,93614
0.0,1.0,Red cards,93614
12.0,7.0,Fouls conceded,93614
2.0,2.0,Goal,93614
58.4,41.6,Possession %,93618
5.0,3.0,Shots on target,93618
12.0,10.0,Shots,93618
769.0,615.0,Touches,93618
547.0,397.0,Passes,93618
15.0,22.0,Tackles,93618
14.0,42.0,Clearances,93618
4.0,6.0,Corners,93618
4.0,0.0,Offsides,93618
1.0,1.0,Yellow cards,93618
14.0,12.0,Fouls conceded,93618
1.0,1.0,Goal,93618
26.4,73.6,Possession %,93619
4.0,9.0,Shots on target,93619
8.0,24.0,Shots,93619
397.0,784.0,Touches,93619
215.0,592.0,Passes,93619
19.0,9.0,Tackles,93619
40.0,13.0,Clearances,93619
2.0,15.0,Corners,93619
2.0,0.0,Offsides,93619
4.0,1.0,Yellow cards,93619
10.0,13.0,Fouls conceded,93619
3.0,3.0,Goal,93619
69.6,30.4,Possession %,93620
4.0,3.0,Shots on target,93620
17.0,7.0,Shots,93620
790.0,435.0,Touches,93620
610.0,255.0,Passes,93620
16.0,12.0,Tackles,93620
13.0,22.0,Clearances,93620
3.0,6.0,Corners,93620
1.0,1.0,Offsides,93620
3.0,4.0,Yellow cards,93620
16.0,14.0,Fouls conceded,93620
2.0,1.0,Goal,93620
48.3,51.7,Possession %,93611
5.0,3.0,Shots on target,93611
11.0,13.0,Shots,93611
573.0,607.0,Touches,93611
408.0,439.0,Passes,93611
16.0,24.0,Tackles,93611
9.0,12.0,Clearances,93611
5.0,4.0,Corners,93611
1.0,2.0,Offsides,93611
3.0,4.0,Yellow cards,93611
11.0,19.0,Fouls conceded,93611
2.0,0.0,Goal,93611
47.3,52.7,Possession %,93613
5.0,5.0,Shots on target,93613
31.0,11.0,Shots,93613
595.0,673.0,Touches,93613
377.0,450.0,Passes,93613
16.0,14.0,Tackles,93613
13.0,44.0,Clearances,93613
14.0,4.0,Corners,93613
1.0,2.0,Offsides,93613
3.0,2.0,Yellow cards,93613
7.0,14.0,Fouls conceded,93613
1.0,1.0,Goal,93613
30.6,69.4,Possession %,93609
5.0,5.0,Shots on target,93609
13.0,13.0,Shots,93609
461.0,801.0,Touches,93609
264.0,640.0,Passes,93609
13.0,14.0,Tackles,93609
25.0,16.0,Clearances,93609
7.0,10.0,Corners,93609
4.0,2.0,Offsides,93609
3.0,3.0,Yellow cards,93609
13.0,12.0,Fouls conceded,93609
1.0,1.0,Goal,93609
60.5,39.5,Possession %,93603
6.0,5.0,Shots on target,93603
17.0,9.0,Shots,93603
648.0,482.0,Touches,93603
457.0,292.0,Passes,93603
10.0,27.0,Tackles,93603
17.0,24.0,Clearances,93603
5.0,4.0,Corners,93603
5.0,3.0,Offsides,93603
2.0,4.0,Yellow cards,93603
0.0,1.0,Red cards,93603
14.0,17.0,Fouls conceded,93603
2.0,1.0,Goal,93603
59.7,40.3,Possession %,93607
4.0,6.0,Shots on target,93607
10.0,16.0,Shots,93607
631.0,473.0,Touches,93607
440.0,297.0,Passes,93607
8.0,25.0,Tackles,93607
13.0,22.0,Clearances,93607
6.0,7.0,Corners,93607
1.0,2.0,Offsides,93607
1.0,2.0,Yellow cards,93607
10.0,17.0,Fouls conceded,93607
1.0,1.0,Goal,93607
42.9,57.1,Possession %,93606
7.0,5.0,Shots on target,93606
16.0,14.0,Shots,93606
590.0,735.0,Touches,93606
400.0,546.0,Passes,93606
20.0,12.0,Tackles,93606
8.0,20.0,Clearances,93606
4.0,5.0,Corners,93606
2.0,4.0,Offsides,93606
2.0,3.0,Yellow cards,93606
9.0,10.0,Fouls conceded,93606
3.0,0.0,Goal,93606
59.1,40.9,Possession %,93482
10.0,4.0,Shots on target,93482
24.0,8.0,Shots,93482
677.0,505.0,Touches,93482
438.0,310.0,Passes,93482
17.0,17.0,Tackles,93482
18.0,35.0,Clearances,93482
11.0,3.0,Corners,93482
1.0,1.0,Offsides,93482
1.0,2.0,Yellow cards,93482
16.0,11.0,Fouls conceded,93482
4.0,3.0,Goal,93482
45.0,55.0,Possession %,93595
8.0,3.0,Shots on target,93595
12.0,11.0,Shots,93595
622.0,734.0,Touches,93595
432.0,512.0,Passes,93595
33.0,17.0,Tackles,93595
18.0,8.0,Clearances,93595
0.0,4.0,Corners,93595
2.0,2.0,Offsides,93595
3.0,1.0,Yellow cards,93595
12.0,7.0,Fouls conceded,93595
3.0,2.0,Goal,93595
30.7,69.3,Possession %,93592
1.0,5.0,Shots on target,93592
10.0,9.0,Shots,93592
480.0,888.0,Touches,93592
303.0,708.0,Passes,93592
19.0,19.0,Tackles,93592
10.0,12.0,Clearances,93592
6.0,4.0,Corners,93592
5.0,2.0,Offsides,93592
0.0,2.0,Yellow cards,93592
1.0,0.0,Red cards,93592
11.0,15.0,Fouls conceded,93592
0.0,4.0,Goal,93592
51.6,48.4,Possession %,93599
4.0,4.0,Shots on target,93599
22.0,11.0,Shots,93599
662.0,614.0,Touches,93599
439.0,428.0,Passes,93599
16.0,17.0,Tackles,93599
16.0,30.0,Clearances,93599
4.0,3.0,Corners,93599
5.0,2.0,Offsides,93599
2.0,4.0,Yellow cards,93599
11.0,18.0,Fouls conceded,93599
2.0,2.0,Goal,93599
52.8,47.2,Possession %,93597
6.0,6.0,Shots on target,93597
19.0,10.0,Shots,93597
784.0,728.0,Touches,93597
584.0,530.0,Passes,93597
23.0,15.0,Tackles,93597
13.0,18.0,Clearances,93597
7.0,4.0,Corners,93597
6.0,1.0,Offsides,93597
0.0,3.0,Yellow cards,93597
6.0,10.0,Fouls conceded,93597
1.0,1.0,Goal,93597
51.1,48.9,Possession %,93598
8.0,6.0,Shots on target,93598
15.0,23.0,Shots,93598
658.0,636.0,Touches,93598
488.0,444.0,Passes,93598
15.0,13.0,Tackles,93598
19.0,7.0,Clearances,93598
5.0,8.0,Corners,93598
6.0,1.0,Offsides,93598
1.0,2.0,Yellow cards,93598
13.0,11.0,Fouls conceded,93598
2.0,0.0,Goal,93598
69.9,30.1,Possession %,93593
12.0,9.0,Shots on target,93593
32.0,13.0,Shots,93593
846.0,483.0,Touches,93593
614.0,278.0,Passes,93593
13.0,16.0,Tackles,93593
16.0,43.0,Clearances,93593
10.0,3.0,Corners,93593
1.0,1.0,Offsides,93593
3.0,5.0,Yellow cards,93593
12.0,11.0,Fouls conceded,93593
2.0,2.0,Goal,93593
50.4,49.6,Possession %,93596
4.0,2.0,Shots on target,93596
21.0,8.0,Shots,93596
628.0,619.0,Touches,93596
427.0,404.0,Passes,93596
19.0,12.0,Tackles,93596
22.0,19.0,Clearances,93596
8.0,6.0,Corners,93596
0.0,1.0,Offsides,93596
2.0,3.0,Yellow cards,93596
20.0,11.0,Fouls conceded,93596
1.0,1.0,Goal,93596
47.8,52.2,Possession %,93600
3.0,7.0,Shots on target,93600
8.0,23.0,Shots,93600
630.0,650.0,Touches,93600
451.0,495.0,Passes,93600
9.0,21.0,Tackles,93600
20.0,11.0,Clearances,93600
3.0,4.0,Corners,93600
3.0,0.0,Offsides,93600
2.0,2.0,Yellow cards,93600
7.0,11.0,Fouls conceded,93600
2.0,1.0,Goal,93600
71.5,28.5,Possession %,93591
6.0,4.0,Shots on target,93591
17.0,9.0,Shots,93591
738.0,385.0,Touches,93591
564.0,226.0,Passes,93591
8.0,13.0,Tackles,93591
7.0,33.0,Clearances,93591
10.0,4.0,Corners,93591
1.0,2.0,Offsides,93591
2.0,4.0,Yellow cards,93591
9.0,10.0,Fouls conceded,93591
2.0,1.0,Goal,93591
19.3,80.7,Possession %,93589
0.0,10.0,Shots on target,93589
4.0,22.0,Shots,93589
341.0,1040.0,Touches,93589
213.0,895.0,Passes,93589
14.0,7.0,Tackles,93589
32.0,6.0,Clearances,93589
0.0,7.0,Corners,93589
2.0,5.0,Offsides,93589
1.0,0.0,Yellow cards,93589
11.0,4.0,Fouls conceded,93589
0.0,6.0,Goal,93589
74.7,25.3,Possession %,93582
6.0,3.0,Shots on target,93582
20.0,10.0,Shots,93582
811.0,422.0,Touches,93582
608.0,206.0,Passes,93582
19.0,20.0,Tackles,93582
12.0,35.0,Clearances,93582
7.0,2.0,Corners,93582
2.0,4.0,Offsides,93582
2.0,4.0,Yellow cards,93582
8.0,13.0,Fouls conceded,93582
0.0,2.0,Goal,93582
72.9,27.1,Possession %,93586
8.0,1.0,Shots on target,93586
27.0,3.0,Shots,93586
981.0,478.0,Touches,93586
801.0,305.0,Passes,93586
5.0,19.0,Tackles,93586
4.0,41.0,Clearances,93586
15.0,2.0,Corners,93586
0.0,1.0,Offsides,93586
0.0,1.0,Yellow cards,93586
5.0,10.0,Fouls conceded,93586
3.0,1.0,Goal,93586
31.9,68.1,Possession %,93581
5.0,6.0,Shots on target,93581
14.0,17.0,Shots,93581
517.0,863.0,Touches,93581
297.0,642.0,Passes,93581
22.0,26.0,Tackles,93581
20.0,16.0,Clearances,93581
0.0,6.0,Corners,93581
1.0,4.0,Offsides,93581
3.0,1.0,Yellow cards,93581
10.0,9.0,Fouls conceded,93581
2.0,2.0,Goal,93581
46.5,53.5,Possession %,93585
5.0,8.0,Shots on target,93585
14.0,12.0,Shots,93585
542.0,613.0,Touches,93585
365.0,443.0,Passes,93585
12.0,15.0,Tackles,93585
17.0,25.0,Clearances,93585
8.0,6.0,Corners,93585
3.0,1.0,Offsides,93585
1.0,4.0,Yellow cards,93585
8.0,19.0,Fouls conceded,93585
2.0,3.0,Goal,93585
55.0,45.0,Possession %,93583
11.0,5.0,Shots on target,93583
22.0,12.0,Shots,93583
715.0,638.0,Touches,93583
498.0,407.0,Passes,93583
10.0,23.0,Tackles,93583
11.0,30.0,Clearances,93583
4.0,5.0,Corners,93583
2.0,1.0,Offsides,93583
1.0,2.0,Yellow cards,93583
9.0,6.0,Fouls conceded,93583
1.0,3.0,Goal,93583
29.5,70.5,Possession %,93584
5.0,5.0,Shots on target,93584
12.0,15.0,Shots,93584
488.0,948.0,Touches,93584
307.0,742.0,Passes,93584
24.0,16.0,Tackles,93584
27.0,12.0,Clearances,93584
2.0,6.0,Corners,93584
2.0,4.0,Offsides,93584
1.0,2.0,Yellow cards,93584
16.0,10.0,Fouls conceded,93584
3.0,0.0,Goal,93584
44.2,55.8,Possession %,93587
7.0,3.0,Shots on target,93587
14.0,12.0,Shots,93587
628.0,769.0,Touches,93587
451.0,564.0,Passes,93587
19.0,8.0,Tackles,93587
15.0,13.0,Clearances,93587
3.0,5.0,Corners,93587
0.0,2.0,Offsides,93587
0.0,1.0,Yellow cards,93587
8.0,11.0,Fouls conceded,93587
3.0,0.0,Goal,93587
29.4,70.6,Possession %,93588
2.0,2.0,Shots on target,93588
8.0,22.0,Shots,93588
490.0,876.0,Touches,93588
278.0,662.0,Passes,93588
20.0,20.0,Tackles,93588
26.0,11.0,Clearances,93588
3.0,12.0,Corners,93588
2.0,1.0,Offsides,93588
3.0,2.0,Yellow cards,93588
11.0,12.0,Fouls conceded,93588
0.0,1.0,Goal,93588
78.2,21.8,Possession %,93590
6.0,1.0,Shots on target,93590
14.0,4.0,Shots,93590
995.0,406.0,Touches,93590
818.0,226.0,Passes,93590
18.0,16.0,Tackles,93590
7.0,30.0,Clearances,93590
11.0,1.0,Corners,93590
2.0,5.0,Offsides,93590
1.0,2.0,Yellow cards,93590
7.0,16.0,Fouls conceded,93590
3.0,1.0,Goal,93590
41.3,58.7,Possession %,93579
6.0,8.0,Shots on target,93579
17.0,14.0,Shots,93579
628.0,775.0,Touches,93579
396.0,551.0,Passes,93579
15.0,31.0,Tackles,93579
35.0,17.0,Clearances,93579
1.0,7.0,Corners,93579
2.0,4.0,Offsides,93579
1.0,2.0,Yellow cards,93579
5.0,9.0,Fouls conceded,93579
4.0,2.0,Goal,93579
63.5,36.5,Possession %,93580
2.0,4.0,Shots on target,93580
13.0,12.0,Shots,93580
795.0,515.0,Touches,93580
608.0,341.0,Passes,93580
23.0,17.0,Tackles,93580
25.0,21.0,Clearances,93580
5.0,6.0,Corners,93580
1.0,0.0,Offsides,93580
2.0,1.0,Yellow cards,93580
8.0,4.0,Fouls conceded,93580
1.0,0.0,Goal,93580
58.1,41.9,Possession %,93572
6.0,3.0,Shots on target,93572
16.0,10.0,Shots,93572
683.0,527.0,Touches,93572
512.0,372.0,Passes,93572
13.0,23.0,Tackles,93572
22.0,11.0,Clearances,93572
7.0,2.0,Corners,93572
1.0,2.0,Offsides,93572
1.0,2.0,Yellow cards,93572
7.0,16.0,Fouls conceded,93572
4.0,2.0,Goal,93572
64.6,35.4,Possession %,93574
7.0,3.0,Shots on target,93574
23.0,6.0,Shots,93574
825.0,538.0,Touches,93574
638.0,350.0,Passes,93574
16.0,13.0,Tackles,93574
12.0,28.0,Clearances,93574
11.0,3.0,Corners,93574
1.0,3.0,Offsides,93574
2.0,3.0,Yellow cards,93574
1.0,0.0,Red cards,93574
9.0,14.0,Fouls conceded,93574
1.0,1.0,Goal,93574
55.8,44.2,Possession %,93576
6.0,0.0,Shots on target,93576
15.0,2.0,Shots,93576
668.0,555.0,Touches,93576
477.0,393.0,Passes,93576
13.0,14.0,Tackles,93576
12.0,32.0,Clearances,93576
12.0,3.0,Corners,93576
6.0,2.0,Offsides,93576
3.0,1.0,Yellow cards,93576
0.0,1.0,Red cards,93576
8.0,14.0,Fouls conceded,93576
3.0,0.0,Goal,93576
37.9,62.1,Possession %,93573
4.0,6.0,Shots on target,93573
13.0,15.0,Shots,93573
544.0,776.0,Touches,93573
351.0,582.0,Passes,93573
23.0,12.0,Tackles,93573
26.0,14.0,Clearances,93573
3.0,8.0,Corners,93573
3.0,0.0,Offsides,93573
2.0,2.0,Yellow cards,93573
14.0,6.0,Fouls conceded,93573
0.0,1.0,Goal,93573
54.8,45.2,Possession %,93571
8.0,2.0,Shots on target,93571
18.0,3.0,Shots,93571
702.0,604.0,Touches,93571
557.0,462.0,Passes,93571
11.0,11.0,Tackles,93571
6.0,21.0,Clearances,93571
9.0,0.0,Corners,93571
3.0,2.0,Offsides,93571
1.0,0.0,Yellow cards,93571
15.0,6.0,Fouls conceded,93571
4.0,1.0,Goal,93571
60.8,39.2,Possession %,93577
13.0,3.0,Shots on target,93577
29.0,12.0,Shots,93577
737.0,546.0,Touches,93577
508.0,329.0,Passes,93577
21.0,22.0,Tackles,93577
20.0,34.0,Clearances,93577
13.0,4.0,Corners,93577
2.0,3.0,Offsides,93577
1.0,4.0,Yellow cards,93577
15.0,14.0,Fouls conceded,93577
4.0,1.0,Goal,93577
69.9,30.1,Possession %,93496
11.0,2.0,Shots on target,93496
25.0,6.0,Shots,93496
894.0,469.0,Touches,93496
712.0,304.0,Passes,93496
6.0,11.0,Tackles,93496
20.0,27.0,Clearances,93496
10.0,1.0,Corners,93496
1.0,3.0,Offsides,93496
2.0,4.0,Yellow cards,93496
12.0,6.0,Fouls conceded,93496
1.0,0.0,Goal,93496
62.7,37.3,Possession %,93563
4.0,4.0,Shots on target,93563
19.0,10.0,Shots,93563
764.0,537.0,Touches,93563
527.0,315.0,Passes,93563
25.0,15.0,Tackles,93563
15.0,37.0,Clearances,93563
3.0,6.0,Corners,93563
1.0,2.0,Offsides,93563
0.0,2.0,Yellow cards,93563
8.0,12.0,Fouls conceded,93563
1.0,1.0,Goal,93563
20.6,79.4,Possession %,93569
1.0,10.0,Shots on target,93569
6.0,24.0,Shots,93569
381.0,1044.0,Touches,93569
226.0,871.0,Passes,93569
8.0,15.0,Tackles,93569
37.0,13.0,Clearances,93569
5.0,10.0,Corners,93569
2.0,2.0,Offsides,93569
1.0,4.0,Yellow cards,93569
1.0,0.0,Red cards,93569
3.0,5.0,Fouls conceded,93569
0.0,5.0,Goal,93569
58.5,41.5,Possession %,93565
4.0,9.0,Shots on target,93565
22.0,21.0,Shots,93565
753.0,587.0,Touches,93565
528.0,391.0,Passes,93565
14.0,14.0,Tackles,93565
12.0,26.0,Clearances,93565
8.0,6.0,Corners,93565
4.0,1.0,Offsides,93565
3.0,5.0,Yellow cards,93565
7.0,21.0,Fouls conceded,93565
1.0,2.0,Goal,93565
34.9,65.1,Possession %,93562
0.0,7.0,Shots on target,93562
8.0,16.0,Shots,93562
488.0,779.0,Touches,93562
316.0,603.0,Passes,93562
17.0,15.0,Tackles,93562
21.0,13.0,Clearances,93562
4.0,6.0,Corners,93562
5.0,1.0,Offsides,93562
2.0,1.0,Yellow cards,93562
11.0,8.0,Fouls conceded,93562
0.0,5.0,Goal,93562
70.4,29.6,Possession %,93566
5.0,6.0,Shots on target,93566
31.0,9.0,Shots,93566
942.0,531.0,Touches,93566
711.0,307.0,Passes,93566
15.0,28.0,Tackles,93566
10.0,53.0,Clearances,93566
12.0,1.0,Corners,93566
0.0,5.0,Offsides,93566
1.0,3.0,Yellow cards,93566
7.0,12.0,Fouls conceded,93566
1.0,1.0,Goal,93566
37.0,63.0,Possession %,93561
6.0,8.0,Shots on target,93561
15.0,15.0,Shots,93561
544.0,787.0,Touches,93561
357.0,614.0,Passes,93561
16.0,12.0,Tackles,93561
21.0,17.0,Clearances,93561
1.0,6.0,Corners,93561
3.0,2.0,Offsides,93561
2.0,1.0,Yellow cards,93561
4.0,18.0,Fouls conceded,93561
1.0,4.0,Goal,93561
52.2,47.8,Possession %,93564
4.0,3.0,Shots on target,93564
15.0,12.0,Shots,93564
608.0,596.0,Touches,93564
450.0,425.0,Passes,93564
14.0,11.0,Tackles,93564
10.0,28.0,Clearances,93564
4.0,4.0,Corners,93564
2.0,6.0,Offsides,93564
5.0,2.0,Yellow cards,93564
11.0,6.0,Fouls conceded,93564
1.0,2.0,Goal,93564
2.0,2.0,Goal,93567
48.4,51.6,Possession %,93568
8.0,3.0,Shots on target,93568
19.0,10.0,Shots,93568
604.0,619.0,Touches,93568
406.0,430.0,Passes,93568
21.0,17.0,Tackles,93568
19.0,15.0,Clearances,93568
5.0,2.0,Corners,93568
1.0,1.0,Offsides,93568
4.0,4.0,Yellow cards,93568
0.0,1.0,Red cards,93568
13.0,15.0,Fouls conceded,93568
2.0,0.0,Goal,93568
71.2,28.8,Possession %,93570
4.0,7.0,Shots on target,93570
15.0,12.0,Shots,93570
962.0,502.0,Touches,93570
748.0,300.0,Passes,93570
23.0,16.0,Tackles,93570
7.0,38.0,Clearances,93570
10.0,4.0,Corners,93570
1.0,2.0,Offsides,93570
0.0,1.0,Yellow cards,93570
8.0,13.0,Fouls conceded,93570
1.0,2.0,Goal,93570
22.7,77.3,Possession %,93552
4.0,5.0,Shots on target,93552
13.0,14.0,Shots,93552
420.0,1033.0,Touches,93552
244.0,835.0,Passes,93552
22.0,16.0,Tackles,93552
35.0,7.0,Clearances,93552
1.0,7.0,Corners,93552
2.0,4.0,Offsides,93552
2.0,2.0,Yellow cards,93552
15.0,7.0,Fouls conceded,93552
1.0,3.0,Goal,93552
29.5,70.5,Possession %,93559
1.0,12.0,Shots on target,93559
5.0,25.0,Shots,93559
432.0,883.0,Touches,93559
287.0,692.0,Passes,93559
21.0,12.0,Tackles,93559
23.0,14.0,Clearances,93559
2.0,6.0,Corners,93559
2.0,2.0,Offsides,93559
4.0,0.0,Yellow cards,93559
17.0,11.0,Fouls conceded,93559
0.0,6.0,Goal,93559
49.2,50.8,Possession %,93553
6.0,4.0,Shots on target,93553
7.0,25.0,Shots,93553
656.0,669.0,Touches,93553
453.0,448.0,Passes,93553
20.0,17.0,Tackles,93553
37.0,20.0,Clearances,93553
1.0,13.0,Corners,93553
1.0,3.0,Offsides,93553
1.0,2.0,Yellow cards,93553
11.0,11.0,Fouls conceded,93553
3.0,1.0,Goal,93553
70.8,29.2,Possession %,93554
10.0,4.0,Shots on target,93554
25.0,9.0,Shots,93554
877.0,486.0,Touches,93554
670.0,277.0,Passes,93554
22.0,14.0,Tackles,93554
15.0,38.0,Clearances,93554
9.0,3.0,Corners,93554
2.0,2.0,Offsides,93554
3.0,2.0,Yellow cards,93554
11.0,13.0,Fouls conceded,93554
3.0,1.0,Goal,93554
75.0,25.0,Possession %,93555
5.0,3.0,Shots on target,93555
20.0,7.0,Shots,93555
782.0,380.0,Touches,93555
563.0,192.0,Passes,93555
17.0,26.0,Tackles,93555
22.0,44.0,Clearances,93555
13.0,1.0,Corners,93555
2.0,0.0,Offsides,93555
1.0,2.0,Yellow cards,93555
7.0,12.0,Fouls conceded,93555
1.0,3.0,Goal,93555
52.5,47.5,Possession %,93558
6.0,3.0,Shots on target,93558
16.0,6.0,Shots,93558
714.0,683.0,Touches,93558
527.0,475.0,Passes,93558
10.0,16.0,Tackles,93558
21.0,24.0,Clearances,93558
9.0,6.0,Corners,93558
4.0,6.0,Offsides,93558
2.0,3.0,Yellow cards,93558
14.0,13.0,Fouls conceded,93558
2.0,1.0,Goal,93558
71.1,28.9,Possession %,93560
5.0,6.0,Shots on target,93560
17.0,9.0,Shots,93560
866.0,454.0,Touches,93560
651.0,272.0,Passes,93560
18.0,17.0,Tackles,93560
9.0,33.0,Clearances,93560
7.0,4.0,Corners,93560
1.0,0.0,Offsides,93560
2.0,3.0,Yellow cards,93560
11.0,9.0,Fouls conceded,93560
0.0,2.0,Goal,93560
37.7,62.3,Possession %,93557
3.0,5.0,Shots on target,93557
13.0,7.0,Shots,93557
549.0,809.0,Touches,93557
365.0,624.0,Passes,93557
20.0,14.0,Tackles,93557
18.0,34.0,Clearances,93557
4.0,4.0,Corners,93557
3.0,0.0,Offsides,93557
1.0,2.0,Yellow cards,93557
9.0,6.0,Fouls conceded,93557
2.0,3.0,Goal,93557
28.1,71.9,Possession %,93543
3.0,15.0,Shots on target,93543
9.0,25.0,Shots,93543
455.0,950.0,Touches,93543
279.0,750.0,Passes,93543
18.0,11.0,Tackles,93543
31.0,23.0,Clearances,93543
8.0,13.0,Corners,93543
2.0,0.0,Offsides,93543
1.0,0.0,Yellow cards,93543
2.0,4.0,Fouls conceded,93543
1.0,3.0,Goal,93543
44.4,55.6,Possession %,93542
2.0,6.0,Shots on target,93542
9.0,8.0,Shots,93542
551.0,634.0,Touches,93542
330.0,427.0,Passes,93542
15.0,31.0,Tackles,93542
13.0,28.0,Clearances,93542
11.0,6.0,Corners,93542
1.0,1.0,Offsides,93542
3.0,2.0,Yellow cards,93542
1.0,0.0,Red cards,93542
19.0,12.0,Fouls conceded,93542
1.0,1.0,Goal,93542
64.4,35.6,Possession %,93546
6.0,7.0,Shots on target,93546
15.0,14.0,Shots,93546
826.0,546.0,Touches,93546
637.0,356.0,Passes,93546
13.0,18.0,Tackles,93546
12.0,26.0,Clearances,93546
10.0,1.0,Corners,93546
3.0,0.0,Offsides,93546
3.0,2.0,Yellow cards,93546
15.0,11.0,Fouls conceded,93546
2.0,4.0,Goal,93546
51.1,48.9,Possession %,93548
5.0,3.0,Shots on target,93548
12.0,22.0,Shots,93548
687.0,689.0,Touches,93548
528.0,482.0,Passes,93548
18.0,16.0,Tackles,93548
22.0,18.0,Clearances,93548
5.0,8.0,Corners,93548
1.0,0.0,Offsides,93548
0.0,1.0,Yellow cards,93548
10.0,5.0,Fouls conceded,93548
3.0,0.0,Goal,93548
42.6,57.4,Possession %,93541
7.0,1.0,Shots on target,93541
15.0,10.0,Shots,93541
573.0,716.0,Touches,93541
390.0,528.0,Passes,93541
21.0,11.0,Tackles,93541
23.0,15.0,Clearances,93541
2.0,4.0,Corners,93541
3.0,1.0,Offsides,93541
6.0,2.0,Yellow cards,93541
0.0,1.0,Red cards,93541
11.0,11.0,Fouls conceded,93541
3.0,1.0,Goal,93541
42.6,57.4,Possession %,93547
5.0,6.0,Shots on target,93547
14.0,9.0,Shots,93547
594.0,719.0,Touches,93547
347.0,495.0,Passes,93547
25.0,22.0,Tackles,93547
14.0,28.0,Clearances,93547
9.0,5.0,Corners,93547
5.0,1.0,Offsides,93547
3.0,0.0,Yellow cards,93547
8.0,14.0,Fouls conceded,93547
2.0,2.0,Goal,93547
68.9,31.1,Possession %,93544
6.0,5.0,Shots on target,93544
13.0,7.0,Shots,93544
1039.0,541.0,Touches,93544
870.0,389.0,Passes,93544
23.0,16.0,Tackles,93544
3.0,7.0,Clearances,93544
3.0,2.0,Corners,93544
2.0,2.0,Offsides,93544
1.0,3.0,Yellow cards,93544
8.0,14.0,Fouls conceded,93544
4.0,1.0,Goal,93544
43.7,56.3,Possession %,93545
4.0,7.0,Shots on target,93545
12.0,15.0,Shots,93545
584.0,679.0,Touches,93545
382.0,489.0,Passes,93545
15.0,10.0,Tackles,93545
30.0,21.0,Clearances,93545
2.0,13.0,Corners,93545
1.0,1.0,Offsides,93545
2.0,2.0,Yellow cards,93545
11.0,7.0,Fouls conceded,93545
2.0,2.0,Goal,93545
54.2,45.8,Possession %,93549
6.0,8.0,Shots on target,93549
19.0,11.0,Shots,93549
645.0,609.0,Touches,93549
431.0,379.0,Passes,93549
26.0,14.0,Tackles,93549
9.0,34.0,Clearances,93549
8.0,2.0,Corners,93549
2.0,2.0,Yellow cards,93549
13.0,16.0,Fouls conceded,93549
4.0,4.0,Goal,93549
48.8,51.2,Possession %,93537
3.0,4.0,Shots on target,93537
9.0,9.0,Shots,93537
679.0,700.0,Touches,93537
451.0,482.0,Passes,93537
27.0,21.0,Tackles,93537
26.0,19.0,Clearances,93537
1.0,5.0,Corners,93537
1.0,3.0,Offsides,93537
1.0,3.0,Yellow cards,93537
13.0,11.0,Fouls conceded,93537
1.0,1.0,Goal,93537
53.1,46.9,Possession %,93538
7.0,8.0,Shots on target,93538
16.0,21.0,Shots,93538
704.0,654.0,Touches,93538
511.0,454.0,Passes,93538
25.0,20.0,Tackles,93538
12.0,20.0,Clearances,93538
4.0,5.0,Corners,93538
1.0,2.0,Offsides,93538
2.0,5.0,Yellow cards,93538
10.0,10.0,Fouls conceded,93538
3.0,4.0,Goal,93538
74.1,25.9,Possession %,93540
4.0,3.0,Shots on target,93540
14.0,8.0,Shots,93540
949.0,419.0,Touches,93540
795.0,270.0,Passes,93540
10.0,20.0,Tackles,93540
8.0,19.0,Clearances,93540
7.0,3.0,Corners,93540
3.0,3.0,Offsides,93540
2.0,2.0,Yellow cards,93540
3.0,13.0,Fouls conceded,93540
3.0,1.0,Goal,93540
68.2,31.8,Possession %,93536
5.0,5.0,Shots on target,93536
19.0,9.0,Shots,93536
849.0,496.0,Touches,93536
618.0,276.0,Passes,93536
23.0,19.0,Tackles,93536
29.0,23.0,Clearances,93536
5.0,3.0,Corners,93536
2.0,3.0,Offsides,93536
2.0,3.0,Yellow cards,93536
13.0,15.0,Fouls conceded,93536
3.0,2.0,Goal,93536
50.5,49.5,Possession %,93539
13.0,3.0,Shots on target,93539
28.0,4.0,Shots,93539
763.0,761.0,Touches,93539
553.0,561.0,Passes,93539
22.0,14.0,Tackles,93539
7.0,33.0,Clearances,93539
8.0,1.0,Corners,93539
3.0,3.0,Offsides,93539
2.0,4.0,Yellow cards,93539
15.0,16.0,Fouls conceded,93539
4.0,1.0,Goal,93539
26.6,73.4,Possession %,93535
3.0,3.0,Shots on target,93535
9.0,19.0,Shots,93535
462.0,919.0,Touches,93535
268.0,759.0,Passes,93535
15.0,16.0,Tackles,93535
45.0,13.0,Clearances,93535
2.0,10.0,Corners,93535
1.0,3.0,Offsides,93535
0.0,1.0,Yellow cards,93535
6.0,7.0,Fouls conceded,93535
1.0,2.0,Goal,93535
69.8,30.2,Possession %,93533
6.0,4.0,Shots on target,93533
25.0,21.0,Shots,93533
822.0,467.0,Touches,93533
612.0,262.0,Passes,93533
6.0,22.0,Tackles,93533
21.0,37.0,Clearances,93533
15.0,6.0,Corners,93533
3.0,2.0,Offsides,93533
1.0,2.0,Yellow cards,93533
6.0,13.0,Fouls conceded,93533
0.0,0.0,Goal,93533
40.9,59.1,Possession %,93534
8.0,2.0,Shots on target,93534
18.0,9.0,Shots,93534
584.0,728.0,Touches,93534
357.0,542.0,Passes,93534
17.0,26.0,Tackles,93534
15.0,17.0,Clearances,93534
7.0,4.0,Corners,93534
4.0,1.0,Offsides,93534
2.0,2.0,Yellow cards,93534
13.0,14.0,Fouls conceded,93534
4.0,0.0,Goal,93534
61.0,39.0,Possession %,93531
6.0,5.0,Shots on target,93531
12.0,14.0,Shots,93531
755.0,539.0,Touches,93531
569.0,359.0,Passes,93531
13.0,19.0,Tackles,93531
11.0,27.0,Clearances,93531
8.0,7.0,Corners,93531
2.0,4.0,Offsides,93531
4.0,1.0,Yellow cards,93531
14.0,12.0,Fouls conceded,93531
1.0,3.0,Goal,93531
71.8,28.2,Possession %,93524
4.0,3.0,Shots on target,93524
11.0,8.0,Shots,93524
966.0,488.0,Touches,93524
791.0,312.0,Passes,93524
13.0,20.0,Tackles,93524
7.0,35.0,Clearances,93524
8.0,2.0,Corners,93524
3.0,1.0,Offsides,93524
1.0,4.0,Yellow cards,93524
10.0,13.0,Fouls conceded,93524
0.0,0.0,Goal,93524
57.4,42.6,Possession %,93530
6.0,5.0,Shots on target,93530
21.0,16.0,Shots,93530
713.0,577.0,Touches,93530
496.0,370.0,Passes,93530
17.0,18.0,Tackles,93530
16.0,21.0,Clearances,93530
4.0,1.0,Corners,93530
1.0,2.0,Offsides,93530
3.0,1.0,Yellow cards,93530
1.0,1.0,Red cards,93530
11.0,10.0,Fouls conceded,93530
2.0,2.0,Goal,93530
39.2,60.8,Possession %,93522
1.0,7.0,Shots on target,93522
11.0,14.0,Shots,93522
576.0,770.0,Touches,93522
328.0,526.0,Passes,93522
27.0,32.0,Tackles,93522
20.0,26.0,Clearances,93522
8.0,5.0,Corners,93522
1.0,0.0,Offsides,93522
1.0,2.0,Yellow cards,93522
9.0,12.0,Fouls conceded,93522
0.0,4.0,Goal,93522
60.6,39.4,Possession %,93521
7.0,5.0,Shots on target,93521
21.0,12.0,Shots,93521
745.0,525.0,Touches,93521
561.0,362.0,Passes,93521
17.0,11.0,Tackles,93521
17.0,27.0,Clearances,93521
6.0,7.0,Corners,93521
5.0,2.0,Offsides,93521
8.0,12.0,Fouls conceded,93521
5.0,0.0,Goal,93521
48.0,52.0,Possession %,93523
5.0,3.0,Shots on target,93523
11.0,12.0,Shots,93523
656.0,690.0,Touches,93523
456.0,496.0,Passes,93523
16.0,13.0,Tackles,93523
27.0,25.0,Clearances,93523
6.0,4.0,Corners,93523
0.0,2.0,Offsides,93523
1.0,3.0,Yellow cards,93523
10.0,14.0,Fouls conceded,93523
3.0,2.0,Goal,93523
31.3,68.7,Possession %,93527
2.0,5.0,Shots on target,93527
10.0,16.0,Shots,93527
417.0,748.0,Touches,93527
236.0,530.0,Passes,93527
25.0,10.0,Tackles,93527
26.0,19.0,Clearances,93527
4.0,5.0,Corners,93527
5.0,1.0,Offsides,93527
1.0,4.0,Yellow cards,93527
13.0,14.0,Fouls conceded,93527
0.0,0.0,Goal,93527
36.3,63.7,Possession %,93528
2.0,6.0,Shots on target,93528
9.0,16.0,Shots,93528
526.0,780.0,Touches,93528
313.0,555.0,Passes,93528
21.0,22.0,Tackles,93528
27.0,14.0,Clearances,93528
8.0,13.0,Corners,93528
3.0,4.0,Offsides,93528
2.0,1.0,Yellow cards,93528
8.0,5.0,Fouls conceded,93528
2.0,2.0,Goal,93528
55.1,44.9,Possession %,93526
3.0,4.0,Shots on target,93526
17.0,14.0,Shots,93526
757.0,657.0,Touches,93526
524.0,423.0,Passes,93526
20.0,25.0,Tackles,93526
37.0,24.0,Clearances,93526
6.0,4.0,Corners,93526
4.0,0.0,Offsides,93526
5.0,1.0,Yellow cards,93526
13.0,9.0,Fouls conceded,93526
1.0,0.0,Goal,93526
27.4,72.6,Possession %,93529
5.0,11.0,Shots on target,93529
12.0,27.0,Shots,93529
470.0,942.0,Touches,93529
277.0,747.0,Passes,93529
24.0,11.0,Tackles,93529
29.0,9.0,Clearances,93529
3.0,13.0,Corners,93529
8.0,1.0,Offsides,93529
1.0,2.0,Yellow cards,93529
7.0,7.0,Fouls conceded,93529
2.0,3.0,Goal,93529
38.5,61.5,Possession %,93525
7.0,5.0,Shots on target,93525
13.0,14.0,Shots,93525
560.0,747.0,Touches,93525
342.0,542.0,Passes,93525
17.0,23.0,Tackles,93525
29.0,13.0,Clearances,93525
2.0,8.0,Corners,93525
1.0,4.0,Offsides,93525
1.0,0.0,Yellow cards,93525
7.0,12.0,Fouls conceded,93525
1.0,1.0,Goal,93525
31.4,68.6,Possession %,93519
2.0,8.0,Shots on target,93519
6.0,22.0,Shots,93519
557.0,1028.0,Touches,93519
382.0,865.0,Passes,93519
18.0,12.0,Tackles,93519
24.0,15.0,Clearances,93519
2.0,0.0,Corners,93519
3.0,1.0,Offsides,93519
1.0,0.0,Yellow cards,93519
4.0,6.0,Fouls conceded,93519
0.0,0.0,Goal,93519
61.9,38.1,Possession %,93514
15.0,3.0,Shots on target,93514
34.0,5.0,Shots,93514
767.0,563.0,Touches,93514
555.0,350.0,Passes,93514
15.0,20.0,Tackles,93514
1.0,39.0,Clearances,93514
7.0,3.0,Corners,93514
1.0,3.0,Offsides,93514
3.0,5.0,Yellow cards,93514
16.0,15.0,Fouls conceded,93514
4.0,2.0,Goal,93514
39.5,60.5,Possession %,93513
4.0,3.0,Shots on target,93513
15.0,13.0,Shots,93513
583.0,797.0,Touches,93513
412.0,637.0,Passes,93513
15.0,13.0,Tackles,93513
22.0,13.0,Clearances,93513
5.0,4.0,Corners,93513
4.0,0.0,Offsides,93513
4.0,1.0,Yellow cards,93513
11.0,10.0,Fouls conceded,93513
2.0,1.0,Goal,93513
51.4,48.6,Possession %,93515
6.0,8.0,Shots on target,93515
15.0,12.0,Shots,93515
636.0,608.0,Touches,93515
406.0,418.0,Passes,93515
21.0,26.0,Tackles,93515
4.0,25.0,Clearances,93515
7.0,2.0,Corners,93515
5.0,1.0,Offsides,93515
2.0,2.0,Yellow cards,93515
14.0,21.0,Fouls conceded,93515
2.0,3.0,Goal,93515
65.7,34.3,Possession %,93511
7.0,5.0,Shots on target,93511
19.0,9.0,Shots,93511
611.0,380.0,Touches,93511
465.0,240.0,Passes,93511
10.0,14.0,Tackles,93511
12.0,14.0,Clearances,93511
6.0,2.0,Corners,93511
1.0,6.0,Offsides,93511
4.0,1.0,Yellow cards,93511
0.0,1.0,Red cards,93511
9.0,14.0,Fouls conceded,93511
3.0,2.0,Goal,93511
46.4,53.6,Possession %,93512
6.0,4.0,Shots on target,93512
13.0,9.0,Shots,93512
665.0,707.0,Touches,93512
443.0,510.0,Passes,93512
17.0,20.0,Tackles,93512
28.0,18.0,Clearances,93512
7.0,4.0,Corners,93512
1.0,1.0,Offsides,93512
0.0,1.0,Yellow cards,93512
14.0,10.0,Fouls conceded,93512
3.0,1.0,Goal,93512
80.6,19.4,Possession %,93516
4.0,2.0,Shots on target,93516
18.0,4.0,Shots,93516
1128.0,362.0,Touches,93516
1000.0,233.0,Passes,93516
7.0,15.0,Tackles,93516
10.0,25.0,Clearances,93516
12.0,2.0,Corners,93516
1.0,2.0,Offsides,93516
1.0,1.0,Yellow cards,93516
5.0,6.0,Fouls conceded,93516
2.0,0.0,Goal,93516
52.8,47.2,Possession %,93520
6.0,0.0,Shots on target,93520
12.0,10.0,Shots,93520
702.0,654.0,Touches,93520
512.0,457.0,Passes,93520
19.0,23.0,Tackles,93520
17.0,26.0,Clearances,93520
5.0,2.0,Corners,93520
3.0,1.0,Offsides,93520
2.0,3.0,Yellow cards,93520
9.0,14.0,Fouls conceded,93520
3.0,0.0,Goal,93520
45.2,54.8,Possession %,93517
2.0,5.0,Shots on target,93517
8.0,10.0,Shots,93517
590.0,683.0,Touches,93517
397.0,489.0,Passes,93517
26.0,14.0,Tackles,93517
25.0,23.0,Clearances,93517
4.0,5.0,Corners,93517
1.0,2.0,Offsides,93517
2.0,4.0,Yellow cards,93517
9.0,11.0,Fouls conceded,93517
2.0,1.0,Goal,93517
45.2,54.8,Possession %,93504
9.0,3.0,Shots on target,93504
15.0,19.0,Shots,93504
658.0,754.0,Touches,93504
459.0,537.0,Passes,93504
16.0,16.0,Tackles,93504
29.0,12.0,Clearances,93504
7.0,6.0,Corners,93504
2.0,5.0,Offsides,93504
3.0,2.0,Yellow cards,93504
18.0,6.0,Fouls conceded,93504
4.0,2.0,Goal,93504
74.1,25.9,Possession %,93501
8.0,3.0,Shots on target,93501
30.0,6.0,Shots,93501
958.0,475.0,Touches,93501
749.0,265.0,Passes,93501
20.0,24.0,Tackles,93501
9.0,38.0,Clearances,93501
10.0,3.0,Corners,93501
0.0,1.0,Offsides,93501
2.0,0.0,Yellow cards,93501
8.0,8.0,Fouls conceded,93501
0.0,2.0,Goal,93501
60.5,39.5,Possession %,93503
4.0,5.0,Shots on target,93503
14.0,11.0,Shots,93503
810.0,619.0,Touches,93503
610.0,410.0,Passes,93503
14.0,25.0,Tackles,93503
11.0,39.0,Clearances,93503
8.0,2.0,Corners,93503
1.0,3.0,Offsides,93503
1.0,1.0,Yellow cards,93503
5.0,14.0,Fouls conceded,93503
1.0,4.0,Goal,93503
63.8,36.2,Possession %,93506
4.0,5.0,Shots on target,93506
9.0,13.0,Shots,93506
843.0,543.0,Touches,93506
644.0,352.0,Passes,93506
21.0,25.0,Tackles,93506
22.0,12.0,Clearances,93506
4.0,3.0,Corners,93506
3.0,6.0,Offsides,93506
3.0,2.0,Yellow cards,93506
13.0,16.0,Fouls conceded,93506
2.0,1.0,Goal,93506
27.7,72.3,Possession %,93507
2.0,9.0,Shots on target,93507
7.0,23.0,Shots,93507
451.0,970.0,Touches,93507
293.0,772.0,Passes,93507
15.0,12.0,Tackles,93507
21.0,17.0,Clearances,93507
4.0,8.0,Corners,93507
1.0,1.0,Offsides,93507
4.0,2.0,Yellow cards,93507
13.0,5.0,Fouls conceded,93507
1.0,3.0,Goal,93507
62.0,38.0,Possession %,93509
7.0,6.0,Shots on target,93509
19.0,15.0,Shots,93509
721.0,546.0,Touches,93509
513.0,326.0,Passes,93509
12.0,21.0,Tackles,93509
7.0,44.0,Clearances,93509
10.0,2.0,Corners,93509
0.0,1.0,Offsides,93509
3.0,3.0,Yellow cards,93509
10.0,11.0,Fouls conceded,93509
1.0,3.0,Goal,93509
42.5,57.5,Possession %,93502
4.0,3.0,Shots on target,93502
16.0,8.0,Shots,93502
604.0,732.0,Touches,93502
403.0,548.0,Passes,93502
13.0,16.0,Tackles,93502
23.0,25.0,Clearances,93502
6.0,5.0,Corners,93502
3.0,0.0,Offsides,93502
0.0,2.0,Yellow cards,93502
10.0,10.0,Fouls conceded,93502
3.0,0.0,Goal,93502
50.9,49.1,Possession %,93510
6.0,4.0,Shots on target,93510
21.0,12.0,Shots,93510
567.0,571.0,Touches,93510
356.0,346.0,Passes,93510
20.0,15.0,Tackles,93510
20.0,34.0,Clearances,93510
9.0,4.0,Corners,93510
1.0,0.0,Offsides,93510
5.0,0.0,Yellow cards,93510
13.0,13.0,Fouls conceded,93510
2.0,3.0,Goal,93510
31.4,68.6,Possession %,93505
0.0,10.0,Shots on target,93505
9.0,19.0,Shots,93505
485.0,840.0,Touches,93505
292.0,664.0,Passes,93505
25.0,14.0,Tackles,93505
20.0,10.0,Clearances,93505
4.0,4.0,Corners,93505
1.0,4.0,Offsides,93505
2.0,1.0,Yellow cards,93505
7.0,10.0,Fouls conceded,93505
0.0,2.0,Goal,93505
45.7,54.3,Possession %,93508
7.0,4.0,Shots on target,93508
13.0,10.0,Shots,93508
588.0,653.0,Touches,93508
393.0,462.0,Passes,93508
21.0,14.0,Tackles,93508
26.0,14.0,Clearances,93508
3.0,6.0,Corners,93508
9.0,0.0,Offsides,93508
1.0,3.0,Yellow cards,93508
10.0,10.0,Fouls conceded,93508
3.0,2.0,Goal,93508
31.6,68.4,Possession %,93500
6.0,5.0,Shots on target,93500
14.0,16.0,Shots,93500
457.0,788.0,Touches,93500
266.0,600.0,Passes,93500
22.0,17.0,Tackles,93500
19.0,16.0,Clearances,93500
10.0,6.0,Corners,93500
3.0,0.0,Offsides,93500
3.0,6.0,Yellow cards,93500
11.0,9.0,Fouls conceded,93500
2.0,1.0,Goal,93500
34.5,65.5,Possession %,93499
5.0,3.0,Shots on target,93499
12.0,11.0,Shots,93499
523.0,806.0,Touches,93499
321.0,626.0,Passes,93499
19.0,20.0,Tackles,93499
27.0,21.0,Clearances,93499
4.0,4.0,Corners,93499
1.0,1.0,Offsides,93499
2.0,3.0,Yellow cards,93499
13.0,15.0,Fouls conceded,93499
2.0,0.0,Goal,93499
65.6,34.4,Possession %,93493
5.0,2.0,Shots on target,93493
19.0,7.0,Shots,93493
912.0,557.0,Touches,93493
702.0,362.0,Passes,93493
10.0,21.0,Tackles,93493
11.0,31.0,Clearances,93493
8.0,6.0,Corners,93493
2.0,3.0,Offsides,93493
2.0,1.0,Yellow cards,93493
5.0,17.0,Fouls conceded,93493
0.0,2.0,Goal,93493
34.8,65.2,Possession %,93495
5.0,2.0,Shots on target,93495
16.0,15.0,Shots,93495
521.0,767.0,Touches,93495
301.0,568.0,Passes,93495
13.0,29.0,Tackles,93495
29.0,13.0,Clearances,93495
6.0,7.0,Corners,93495
0.0,3.0,Offsides,93495
2.0,2.0,Yellow cards,93495
11.0,6.0,Fouls conceded,93495
1.0,0.0,Goal,93495
33.1,66.9,Possession %,93497
5.0,7.0,Shots on target,93497
11.0,18.0,Shots,93497
470.0,755.0,Touches,93497
256.0,523.0,Passes,93497
26.0,15.0,Tackles,93497
30.0,24.0,Clearances,93497
6.0,6.0,Corners,93497
0.0,3.0,Yellow cards,93497
1.0,0.0,Red cards,93497
10.0,10.0,Fouls conceded,93497
2.0,3.0,Goal,93497
61.2,38.8,Possession %,93498
6.0,8.0,Shots on target,93498
13.0,18.0,Shots,93498
804.0,560.0,Touches,93498
583.0,358.0,Passes,93498
23.0,17.0,Tackles,93498
21.0,14.0,Clearances,93498
3.0,8.0,Corners,93498
2.0,3.0,Offsides,93498
1.0,4.0,Yellow cards,93498
6.0,18.0,Fouls conceded,93498
2.0,1.0,Goal,93498
51.0,49.0,Possession %,93494
3.0,2.0,Shots on target,93494
13.0,13.0,Shots,93494
652.0,647.0,Touches,93494
442.0,423.0,Passes,93494
34.0,20.0,Tackles,93494
16.0,22.0,Clearances,93494
4.0,5.0,Corners,93494
1.0,1.0,Offsides,93494
2.0,5.0,Yellow cards,93494
13.0,14.0,Fouls conceded,93494
1.0,1.0,Goal,93494
77.7,22.3,Possession %,93491
4.0,2.0,Shots on target,93491
12.0,5.0,Shots,93491
833.0,390.0,Touches,93491
656.0,192.0,Passes,93491
11.0,31.0,Tackles,93491
4.0,44.0,Clearances,93491
9.0,1.0,Corners,93491
0.0,4.0,Offsides,93491
3.0,3.0,Yellow cards,93491
11.0,16.0,Fouls conceded,93491
1.0,1.0,Goal,93491
34.1,65.9,Possession %,93492
3.0,6.0,Shots on target,93492
11.0,18.0,Shots,93492
584.0,958.0,Touches,93492
389.0,759.0,Passes,93492
28.0,20.0,Tackles,93492
13.0,10.0,Clearances,93492
3.0,1.0,Corners,93492
1.0,2.0,Offsides,93492
5.0,2.0,Yellow cards,93492
12.0,11.0,Fouls conceded,93492
1.0,1.0,Goal,93492
48.8,51.2,Possession %,93481
9.0,1.0,Shots on target,93481
26.0,6.0,Shots,93481
676.0,708.0,Touches,93481
516.0,550.0,Passes,93481
12.0,18.0,Tackles,93481
6.0,21.0,Clearances,93481
10.0,1.0,Corners,93481
1.0,1.0,Offsides,93481
1.0,3.0,Yellow cards,93481
11.0,9.0,Fouls conceded,93481
2.0,0.0,Goal,93481
32.8,67.2,Possession %,93483
3.0,5.0,Shots on target,93483
4.0,15.0,Shots,93483
431.0,749.0,Touches,93483
250.0,528.0,Passes,93483
33.0,12.0,Tackles,93483
16.0,29.0,Clearances,93483
7.0,11.0,Corners,93483
7.0,0.0,Offsides,93483
6.0,4.0,Yellow cards,93483
1.0,1.0,Red cards,93483
19.0,6.0,Fouls conceded,93483
1.0,2.0,Goal,93483
44.2,55.8,Possession %,93490
4.0,3.0,Shots on target,93490
13.0,14.0,Shots,93490
650.0,735.0,Touches,93490
433.0,541.0,Passes,93490
18.0,25.0,Tackles,93490
25.0,22.0,Clearances,93490
6.0,5.0,Corners,93490
1.0,2.0,Offsides,93490
3.0,1.0,Yellow cards,93490
12.0,15.0,Fouls conceded,93490
3.0,0.0,Goal,93490
68.3,31.7,Possession %,93486
8.0,1.0,Shots on target,93486
34.0,6.0,Shots,93486
835.0,512.0,Touches,93486
607.0,293.0,Passes,93486
24.0,17.0,Tackles,93486
5.0,45.0,Clearances,93486
12.0,0.0,Corners,93486
4.0,2.0,Offsides,93486
2.0,4.0,Yellow cards,93486
0.0,1.0,Red cards,93486
13.0,8.0,Fouls conceded,93486
0.0,0.0,Goal,93486
77.7,22.3,Possession %,93485
6.0,1.0,Shots on target,93485
15.0,6.0,Shots,93485
1012.0,399.0,Touches,93485
815.0,226.0,Passes,93485
16.0,28.0,Tackles,93485
11.0,24.0,Clearances,93485
7.0,5.0,Corners,93485
3.0,1.0,Offsides,93485
1.0,3.0,Yellow cards,93485
9.0,14.0,Fouls conceded,93485
2.0,0.0,Goal,93485
62.1,37.9,Possession %,93484
2.0,6.0,Shots on target,93484
14.0,9.0,Shots,93484
729.0,517.0,Touches,93484
542.0,330.0,Passes,93484
18.0,12.0,Tackles,93484
18.0,29.0,Clearances,93484
8.0,6.0,Corners,93484
0.0,4.0,Offsides,93484
0.0,1.0,Yellow cards,93484
9.0,8.0,Fouls conceded,93484
0.0,2.0,Goal,93484
74.2,25.8,Possession %,93487
9.0,2.0,Shots on target,93487
19.0,5.0,Shots,93487
979.0,452.0,Touches,93487
818.0,285.0,Passes,93487
13.0,14.0,Tackles,93487
7.0,29.0,Clearances,93487
6.0,1.0,Corners,93487
2.0,1.0,Offsides,93487
1.0,1.0,Yellow cards,93487
12.0,9.0,Fouls conceded,93487
2.0,2.0,Goal,93487
70.8,29.2,Possession %,93488
10.0,4.0,Shots on target,93488
27.0,6.0,Shots,93488
890.0,453.0,Touches,93488
696.0,287.0,Passes,93488
11.0,22.0,Tackles,93488
6.0,26.0,Clearances,93488
5.0,1.0,Corners,93488
2.0,0.0,Offsides,93488
0.0,2.0,Yellow cards,93488
0.0,1.0,Red cards,93488
7.0,12.0,Fouls conceded,93488
3.0,0.0,Goal,93488
32.7,67.3,Possession %,93489
1.0,6.0,Shots on target,93489
15.0,12.0,Shots,93489
444.0,749.0,Touches,93489
244.0,547.0,Passes,93489
29.0,19.0,Tackles,93489
15.0,27.0,Clearances,93489
6.0,4.0,Corners,93489
5.0,0.0,Offsides,93489
2.0,4.0,Yellow cards,93489
0.0,1.0,Red cards,93489
16.0,11.0,Fouls conceded,93489
0.0,2.0,Goal,93489
27.9,72.1,Possession %,93474
5.0,4.0,Shots on target,93474
9.0,16.0,Shots,93474
448.0,908.0,Touches,93474
259.0,703.0,Passes,93474
23.0,20.0,Tackles,93474
24.0,25.0,Clearances,93474
4.0,8.0,Corners,93474
2.0,1.0,Offsides,93474
2.0,2.0,Yellow cards,93474
12.0,12.0,Fouls conceded,93474
2.0,0.0,Goal,93474
63.2,36.8,Possession %,93475
8.0,5.0,Shots on target,93475
14.0,9.0,Shots,93475
941.0,604.0,Touches,93475
762.0,430.0,Passes,93475
21.0,10.0,Tackles,93475
21.0,14.0,Clearances,93475
3.0,6.0,Corners,93475
2.0,1.0,Yellow cards,93475
5.0,10.0,Fouls conceded,93475
5.0,0.0,Goal,93475
34.7,65.3,Possession %,93476
2.0,6.0,Shots on target,93476
4.0,18.0,Shots,93476
484.0,790.0,Touches,93476
302.0,594.0,Passes,93476
20.0,21.0,Tackles,93476
12.0,15.0,Clearances,93476
6.0,3.0,Corners,93476
1.0,1.0,Offsides,93476
2.0,1.0,Yellow cards,93476
16.0,6.0,Fouls conceded,93476
1.0,2.0,Goal,93476
56.2,43.8,Possession %,93479
12.0,3.0,Shots on target,93479
23.0,9.0,Shots,93479
759.0,631.0,Touches,93479
536.0,409.0,Passes,93479
31.0,27.0,Tackles,93479
13.0,20.0,Clearances,93479
3.0,6.0,Corners,93479
1.0,3.0,Offsides,93479
1.0,3.0,Yellow cards,93479
10.0,12.0,Fouls conceded,93479
4.0,1.0,Goal,93479
24.1,75.9,Possession %,93473
4.0,2.0,Shots on target,93473
8.0,14.0,Shots,93473
384.0,863.0,Touches,93473
197.0,662.0,Passes,93473
23.0,11.0,Tackles,93473
30.0,20.0,Clearances,93473
6.0,5.0,Corners,93473
0.0,6.0,Offsides,93473
5.0,2.0,Yellow cards,93473
1.0,0.0,Red cards,93473
17.0,17.0,Fouls conceded,93473
1.0,2.0,Goal,93473
72.0,28.0,Possession %,93472
11.0,3.0,Shots on target,93472
29.0,6.0,Shots,93472
979.0,488.0,Touches,93472
777.0,308.0,Passes,93472
13.0,28.0,Tackles,93472
2.0,34.0,Clearances,93472
9.0,1.0,Corners,93472
2.0,1.0,Offsides,93472
0.0,4.0,Yellow cards,93472
5.0,8.0,Fouls conceded,93472
1.0,1.0,Goal,93472
69.0,31.0,Possession %,93477
3.0,4.0,Shots on target,93477
20.0,10.0,Shots,93477
863.0,527.0,Touches,93477
660.0,296.0,Passes,93477
23.0,19.0,Tackles,93477
12.0,30.0,Clearances,93477
10.0,4.0,Corners,93477
1.0,2.0,Offsides,93477
3.0,1.0,Yellow cards,93477
7.0,10.0,Fouls conceded,93477
0.0,3.0,Goal,93477
40.2,59.8,Possession %,93478
4.0,4.0,Shots on target,93478
9.0,10.0,Shots,93478
559.0,709.0,Touches,93478
334.0,489.0,Passes,93478
14.0,23.0,Tackles,93478
43.0,15.0,Clearances,93478
3.0,3.0,Corners,93478
1.0,1.0,Offsides,93478
5.0,1.0,Yellow cards,93478
14.0,13.0,Fouls conceded,93478
1.0,0.0,Goal,93478
68.1,31.9,Possession %,93480
4.0,2.0,Shots on target,93480
10.0,8.0,Shots,93480
858.0,483.0,Touches,93480
655.0,307.0,Passes,93480
9.0,21.0,Tackles,93480
14.0,21.0,Clearances,93480
4.0,3.0,Corners,93480
3.0,1.0,Offsides,93480
0.0,1.0,Yellow cards,93480
9.0,11.0,Fouls conceded,93480
1.0,1.0,Goal,93480
38.5,61.5,Possession %,93471
3.0,5.0,Shots on target,93471
10.0,12.0,Shots,93471
496.0,670.0,Touches,93471
289.0,462.0,Passes,93471
31.0,31.0,Tackles,93471
25.0,16.0,Clearances,93471
3.0,3.0,Corners,93471
1.0,4.0,Offsides,93471
4.0,2.0,Yellow cards,93471
16.0,11.0,Fouls conceded,93471
1.0,0.0,Goal,93471
38.5,61.5,Possession %,93464
6.0,3.0,Shots on target,93464
21.0,13.0,Shots,93464
517.0,739.0,Touches,93464
313.0,539.0,Passes,93464
22.0,10.0,Tackles,93464
20.0,32.0,Clearances,93464
5.0,2.0,Corners,93464
0.0,2.0,Offsides,93464
3.0,0.0,Yellow cards,93464
18.0,8.0,Fouls conceded,93464
3.0,0.0,Goal,93464
75.0,25.0,Possession %,93468
7.0,5.0,Shots on target,93468
23.0,11.0,Shots,93468
988.0,449.0,Touches,93468
784.0,251.0,Passes,93468
18.0,23.0,Tackles,93468
12.0,27.0,Clearances,93468
8.0,4.0,Corners,93468
1.0,6.0,Offsides,93468
3.0,3.0,Yellow cards,93468
11.0,12.0,Fouls conceded,93468
1.0,2.0,Goal,93468
61.6,38.4,Possession %,93462
7.0,2.0,Shots on target,93462
18.0,8.0,Shots,93462
793.0,550.0,Touches,93462
608.0,377.0,Passes,93462
15.0,28.0,Tackles,93462
20.0,19.0,Clearances,93462
7.0,3.0,Corners,93462
1.0,2.0,Offsides,93462
3.0,1.0,Yellow cards,93462
10.0,8.0,Fouls conceded,93462
2.0,1.0,Goal,93462
59.1,40.9,Possession %,93463
3.0,4.0,Shots on target,93463
16.0,11.0,Shots,93463
722.0,548.0,Touches,93463
524.0,354.0,Passes,93463
23.0,19.0,Tackles,93463
14.0,17.0,Clearances,93463
3.0,9.0,Corners,93463
1.0,3.0,Yellow cards,93463
10.0,17.0,Fouls conceded,93463
0.0,2.0,Goal,93463
63.7,36.3,Possession %,93465
6.0,1.0,Shots on target,93465
14.0,4.0,Shots,93465
864.0,560.0,Touches,93465
700.0,401.0,Passes,93465
22.0,13.0,Tackles,93465
8.0,19.0,Clearances,93465
6.0,1.0,Corners,93465
2.0,3.0,Offsides,93465
0.0,1.0,Yellow cards,93465
7.0,10.0,Fouls conceded,93465
5.0,0.0,Goal,93465
46.1,53.9,Possession %,93461
7.0,2.0,Shots on target,93461
22.0,2.0,Shots,93461
608.0,683.0,Touches,93461
436.0,520.0,Passes,93461
15.0,19.0,Tackles,93461
6.0,29.0,Clearances,93461
6.0,0.0,Corners,93461
0.0,5.0,Offsides,93461
2.0,2.0,Yellow cards,93461
13.0,13.0,Fouls conceded,93461
1.0,0.0,Goal,93461
44.8,55.2,Possession %,93470
9.0,3.0,Shots on target,93470
28.0,13.0,Shots,93470
598.0,698.0,Touches,93470
397.0,512.0,Passes,93470
16.0,12.0,Tackles,93470
9.0,13.0,Clearances,93470
12.0,4.0,Corners,93470
3.0,1.0,Offsides,93470
4.0,0.0,Yellow cards,93470
12.0,12.0,Fouls conceded,93470
2.0,1.0,Goal,93470
24.3,75.7,Possession %,93467
1.0,8.0,Shots on target,93467
6.0,15.0,Shots,93467
380.0,843.0,Touches,93467
207.0,632.0,Passes,93467
20.0,16.0,Tackles,93467
23.0,17.0,Clearances,93467
2.0,12.0,Corners,93467
1.0,4.0,Offsides,93467
2.0,3.0,Yellow cards,93467
12.0,8.0,Fouls conceded,93467
0.0,2.0,Goal,93467
51.1,48.9,Possession %,93469
4.0,3.0,Shots on target,93469
7.0,12.0,Shots,93469
660.0,621.0,Touches,93469
467.0,436.0,Passes,93469
17.0,19.0,Tackles,93469
27.0,15.0,Clearances,93469
5.0,8.0,Corners,93469
2.0,0.0,Offsides,93469
2.0,4.0,Yellow cards,93469
11.0,15.0,Fouls conceded,93469
1.0,0.0,Goal,93469
33.4,66.6,Possession %,93466
4.0,9.0,Shots on target,93466
6.0,23.0,Shots,93466
488.0,785.0,Touches,93466
296.0,589.0,Passes,93466
20.0,13.0,Tackles,93466
35.0,14.0,Clearances,93466
3.0,8.0,Corners,93466
1.0,4.0,Offsides,93466
2.0,1.0,Yellow cards,93466
14.0,7.0,Fouls conceded,93466
3.0,4.0,Goal,93466
37.3,62.7,Possession %,93452
7.0,3.0,Shots on target,93452
15.0,11.0,Shots,93452
493.0,678.0,Touches,93452
282.0,473.0,Passes,93452
25.0,24.0,Tackles,93452
23.0,16.0,Clearances,93452
7.0,7.0,Corners,93452
3.0,2.0,Offsides,93452
5.0,3.0,Yellow cards,93452
16.0,12.0,Fouls conceded,93452
2.0,2.0,Goal,93452
32.4,67.6,Possession %,93455
5.0,9.0,Shots on target,93455
8.0,18.0,Shots,93455
490.0,833.0,Touches,93455
306.0,645.0,Passes,93455
13.0,20.0,Tackles,93455
29.0,10.0,Clearances,93455
5.0,8.0,Corners,93455
2.0,3.0,Offsides,93455
3.0,5.0,Yellow cards,93455
1.0,0.0,Red cards,93455
16.0,12.0,Fouls conceded,93455
3.0,2.0,Goal,93455
61.2,38.8,Possession %,93456
12.0,5.0,Shots on target,93456
26.0,9.0,Shots,93456
852.0,626.0,Touches,93456
624.0,392.0,Passes,93456
15.0,22.0,Tackles,93456
11.0,31.0,Clearances,93456
3.0,4.0,Corners,93456
5.0,1.0,Offsides,93456
6.0,7.0,Fouls conceded,93456
4.0,3.0,Goal,93456
54.5,45.5,Possession %,93460
3.0,2.0,Shots on target,93460
9.0,9.0,Shots,93460
767.0,662.0,Touches,93460
557.0,466.0,Passes,93460
17.0,23.0,Tackles,93460
16.0,19.0,Clearances,93460
2.0,3.0,Corners,93460
2.0,0.0,Offsides,93460
2.0,0.0,Yellow cards,93460
17.0,7.0,Fouls conceded,93460
1.0,1.0,Goal,93460
55.0,45.0,Possession %,93457
4.0,4.0,Shots on target,93457
17.0,8.0,Shots,93457
757.0,654.0,Touches,93457
572.0,472.0,Passes,93457
7.0,13.0,Tackles,93457
10.0,34.0,Clearances,93457
10.0,8.0,Corners,93457
2.0,2.0,Offsides,93457
4.0,4.0,Yellow cards,93457
14.0,14.0,Fouls conceded,93457
3.0,3.0,Goal,93457
56.7,43.3,Possession %,93451
6.0,3.0,Shots on target,93451
19.0,6.0,Shots,93451
783.0,637.0,Touches,93451
617.0,478.0,Passes,93451
17.0,18.0,Tackles,93451
9.0,18.0,Clearances,93451
4.0,0.0,Corners,93451
3.0,0.0,Offsides,93451
1.0,2.0,Yellow cards,93451
10.0,10.0,Fouls conceded,93451
2.0,1.0,Goal,93451
68.6,31.4,Possession %,93453
6.0,1.0,Shots on target,93453
27.0,7.0,Shots,93453
844.0,498.0,Touches,93453
626.0,277.0,Passes,93453
18.0,17.0,Tackles,93453
21.0,39.0,Clearances,93453
7.0,5.0,Corners,93453
0.0,2.0,Offsides,93453
1.0,2.0,Yellow cards,93453
10.0,8.0,Fouls conceded,93453
3.0,1.0,Goal,93453
63.6,36.4,Possession %,93454
7.0,3.0,Shots on target,93454
19.0,6.0,Shots,93454
727.0,480.0,Touches,93454
570.0,334.0,Passes,93454
10.0,11.0,Tackles,93454
9.0,34.0,Clearances,93454
6.0,1.0,Corners,93454
3.0,1.0,Offsides,93454
2.0,5.0,Yellow cards,93454
0.0,1.0,Red cards,93454
10.0,12.0,Fouls conceded,93454
5.0,0.0,Goal,93454
61.6,38.4,Possession %,93459
2.0,3.0,Shots on target,93459
13.0,12.0,Shots,93459
837.0,573.0,Touches,93459
592.0,359.0,Passes,93459
21.0,16.0,Tackles,93459
43.0,31.0,Clearances,93459
4.0,3.0,Corners,93459
1.0,2.0,Offsides,93459
1.0,0.0,Yellow cards,93459
15.0,14.0,Fouls conceded,93459
0.0,1.0,Goal,93459
58.3,41.7,Possession %,93458
4.0,1.0,Shots on target,93458
22.0,8.0,Shots,93458
712.0,545.0,Touches,93458
522.0,366.0,Passes,93458
17.0,15.0,Tackles,93458
12.0,28.0,Clearances,93458
7.0,3.0,Corners,93458
0.0,1.0,Offsides,93458
1.0,2.0,Yellow cards,93458
6.0,14.0,Fouls conceded,93458
1.0,0.0,Goal,93458
59.8,40.2,Possession %,93444
6.0,6.0,Shots on target,93444
12.0,10.0,Shots,93444
834.0,594.0,Touches,93444
639.0,432.0,Passes,93444
17.0,11.0,Tackles,93444
14.0,22.0,Clearances,93444
6.0,2.0,Corners,93444
1.0,1.0,Offsides,93444
2.0,2.0,Yellow cards,93444
13.0,13.0,Fouls conceded,93444
3.0,2.0,Goal,93444
62.0,38.0,Possession %,93450
8.0,5.0,Shots on target,93450
18.0,15.0,Shots,93450
819.0,565.0,Touches,93450
633.0,384.0,Passes,93450
21.0,18.0,Tackles,93450
8.0,15.0,Clearances,93450
9.0,3.0,Corners,93450
5.0,2.0,Offsides,93450
0.0,4.0,Yellow cards,93450
11.0,13.0,Fouls conceded,93450
1.0,2.0,Goal,93450
50.6,49.4,Possession %,93443
6.0,4.0,Shots on target,93443
24.0,9.0,Shots,93443
630.0,644.0,Touches,93443
443.0,444.0,Passes,93443
15.0,21.0,Tackles,93443
9.0,36.0,Clearances,93443
6.0,5.0,Corners,93443
2.0,2.0,Offsides,93443
3.0,0.0,Yellow cards,93443
10.0,8.0,Fouls conceded,93443
0.0,3.0,Goal,93443
50.9,49.1,Possession %,93442
5.0,3.0,Shots on target,93442
11.0,11.0,Shots,93442
686.0,658.0,Touches,93442
496.0,473.0,Passes,93442
17.0,20.0,Tackles,93442
27.0,9.0,Clearances,93442
4.0,5.0,Corners,93442
2.0,1.0,Offsides,93442
1.0,3.0,Yellow cards,93442
11.0,7.0,Fouls conceded,93442
1.0,2.0,Goal,93442
39.0,61.0,Possession %,93445
3.0,8.0,Shots on target,93445
8.0,16.0,Shots,93445
562.0,743.0,Touches,93445
335.0,538.0,Passes,93445
18.0,17.0,Tackles,93445
39.0,19.0,Clearances,93445
4.0,5.0,Corners,93445
1.0,1.0,Offsides,93445
6.0,1.0,Yellow cards,93445
15.0,12.0,Fouls conceded,93445
2.0,1.0,Goal,93445
54.0,46.0,Possession %,93447
5.0,4.0,Shots on target,93447
14.0,7.0,Shots,93447
667.0,593.0,Touches,93447
482.0,423.0,Passes,93447
20.0,26.0,Tackles,93447
2.0,14.0,Clearances,93447
4.0,2.0,Corners,93447
4.0,4.0,Yellow cards,93447
0.0,1.0,Red cards,93447
13.0,19.0,Fouls conceded,93447
4.0,1.0,Goal,93447
36.4,63.6,Possession %,93441
3.0,4.0,Shots on target,93441
9.0,15.0,Shots,93441
469.0,687.0,Touches,93441
298.0,508.0,Passes,93441
14.0,8.0,Tackles,93441
35.0,14.0,Clearances,93441
1.0,8.0,Corners,93441
2.0,3.0,Offsides,93441
1.0,1.0,Yellow cards,93441
9.0,7.0,Fouls conceded,93441
0.0,1.0,Goal,93441
60.0,40.0,Possession %,93446
5.0,3.0,Shots on target,93446
16.0,8.0,Shots,93446
800.0,565.0,Touches,93446
614.0,414.0,Passes,93446
22.0,12.0,Tackles,93446
23.0,19.0,Clearances,93446
9.0,6.0,Corners,93446
3.0,4.0,Offsides,93446
1.0,3.0,Yellow cards,93446
9.0,11.0,Fouls conceded,93446
1.0,1.0,Goal,93446
46.7,53.3,Possession %,93448
5.0,5.0,Shots on target,93448
18.0,10.0,Shots,93448
636.0,733.0,Touches,93448
465.0,551.0,Passes,93448
13.0,13.0,Tackles,93448
10.0,31.0,Clearances,93448
6.0,4.0,Corners,93448
2.0,6.0,Yellow cards,93448
0.0,1.0,Red cards,93448
12.0,7.0,Fouls conceded,93448
2.0,3.0,Goal,93448
45.5,54.5,Possession %,93449
2.0,11.0,Shots on target,93449
10.0,23.0,Shots,93449
605.0,715.0,Touches,93449
405.0,490.0,Passes,93449
26.0,16.0,Tackles,93449
21.0,19.0,Clearances,93449
4.0,7.0,Corners,93449
4.0,1.0,Offsides,93449
4.0,1.0,Yellow cards,93449
6.0,8.0,Fouls conceded,93449
1.0,3.0,Goal,93449
50.7,49.3,Possession %,93432
6.0,5.0,Shots on target,93432
12.0,9.0,Shots,93432
665.0,652.0,Touches,93432
511.0,489.0,Passes,93432
7.0,15.0,Tackles,93432
13.0,13.0,Clearances,93432
2.0,2.0,Corners,93432
3.0,7.0,Offsides,93432
2.0,5.0,Yellow cards,93432
4.0,17.0,Fouls conceded,93432
3.0,1.0,Goal,93432
61.4,38.6,Possession %,93434
6.0,1.0,Shots on target,93434
11.0,9.0,Shots,93434
806.0,558.0,Touches,93434
627.0,396.0,Passes,93434
13.0,27.0,Tackles,93434
13.0,18.0,Clearances,93434
6.0,3.0,Corners,93434
3.0,1.0,Offsides,93434
3.0,2.0,Yellow cards,93434
1.0,0.0,Red cards,93434
13.0,16.0,Fouls conceded,93434
1.0,1.0,Goal,93434
58.3,41.7,Possession %,93437
10.0,3.0,Shots on target,93437
17.0,16.0,Shots,93437
685.0,557.0,Touches,93437
504.0,354.0,Passes,93437
10.0,14.0,Tackles,93437
20.0,31.0,Clearances,93437
6.0,8.0,Corners,93437
2.0,2.0,Offsides,93437
1.0,2.0,Yellow cards,93437
16.0,12.0,Fouls conceded,93437
3.0,0.0,Goal,93437
54.3,45.7,Possession %,93439
6.0,5.0,Shots on target,93439
16.0,10.0,Shots,93439
706.0,629.0,Touches,93439
516.0,438.0,Passes,93439
19.0,17.0,Tackles,93439
26.0,26.0,Clearances,93439
9.0,4.0,Corners,93439
1.0,0.0,Offsides,93439
2.0,2.0,Yellow cards,93439
9.0,12.0,Fouls conceded,93439
3.0,2.0,Goal,93439
45.2,54.8,Possession %,93435
9.0,10.0,Shots on target,93435
17.0,15.0,Shots,93435
626.0,736.0,Touches,93435
444.0,531.0,Passes,93435
21.0,17.0,Tackles,93435
18.0,12.0,Clearances,93435
3.0,3.0,Corners,93435
1.0,0.0,Offsides,93435
5.0,3.0,Yellow cards,93435
13.0,15.0,Fouls conceded,93435
4.0,4.0,Goal,93435
41.5,58.5,Possession %,93440
4.0,2.0,Shots on target,93440
17.0,6.0,Shots,93440
649.0,827.0,Touches,93440
430.0,628.0,Passes,93440
23.0,19.0,Tackles,93440
10.0,27.0,Clearances,93440
11.0,3.0,Corners,93440
4.0,1.0,Offsides,93440
4.0,3.0,Yellow cards,93440
19.0,15.0,Fouls conceded,93440
2.0,1.0,Goal,93440
63.5,36.5,Possession %,93431
6.0,5.0,Shots on target,93431
16.0,8.0,Shots,93431
715.0,499.0,Touches,93431
561.0,334.0,Passes,93431
17.0,13.0,Tackles,93431
11.0,32.0,Clearances,93431
13.0,3.0,Corners,93431
3.0,2.0,Offsides,93431
0.0,1.0,Yellow cards,93431
1.0,0.0,Red cards,93431
8.0,9.0,Fouls conceded,93431
3.0,1.0,Goal,93431
67.2,32.8,Possession %,93436
4.0,4.0,Shots on target,93436
13.0,8.0,Shots,93436
881.0,524.0,Touches,93436
658.0,310.0,Passes,93436
17.0,22.0,Tackles,93436
26.0,36.0,Clearances,93436
9.0,2.0,Corners,93436
4.0,0.0,Offsides,93436
1.0,4.0,Yellow cards,93436
9.0,18.0,Fouls conceded,93436
2.0,3.0,Goal,93436
64.5,35.5,Possession %,93438
4.0,4.0,Shots on target,93438
15.0,10.0,Shots,93438
764.0,512.0,Touches,93438
576.0,321.0,Passes,93438
17.0,14.0,Tackles,93438
12.0,34.0,Clearances,93438
11.0,3.0,Corners,93438
1.0,1.0,Offsides,93438
0.0,2.0,Yellow cards,93438
9.0,11.0,Fouls conceded,93438
1.0,0.0,Goal,93438
47.6,52.4,Possession %,93433
10.0,5.0,Shots on target,93433
19.0,8.0,Shots,93433
619.0,659.0,Touches,93433
422.0,469.0,Passes,93433
27.0,23.0,Tackles,93433
13.0,18.0,Clearances,93433
6.0,5.0,Corners,93433
0.0,2.0,Offsides,93433
2.0,1.0,Yellow cards,93433
10.0,4.0,Fouls conceded,93433
2.0,0.0,Goal,93433
38.7,61.3,Possession %,93430
5.0,8.0,Shots on target,93430
8.0,17.0,Shots,93430
515.0,682.0,Touches,93430
317.0,502.0,Passes,93430
24.0,18.0,Tackles,93430
21.0,8.0,Clearances,93430
1.0,6.0,Corners,93430
3.0,7.0,Offsides,93430
1.0,5.0,Yellow cards,93430
2.0,0.0,Red cards,93430
12.0,21.0,Fouls conceded,93430
1.0,4.0,Goal,93430
26.5,73.5,Possession %,93428
3.0,3.0,Shots on target,93428
5.0,13.0,Shots,93428
408.0,843.0,Touches,93428
240.0,654.0,Passes,93428
30.0,10.0,Tackles,93428
34.0,10.0,Clearances,93428
0.0,10.0,Corners,93428
9.0,1.0,Offsides,93428
1.0,1.0,Yellow cards,93428
6.0,9.0,Fouls conceded,93428
2.0,0.0,Goal,93428
26.2,73.8,Possession %,93425
5.0,6.0,Shots on target,93425
8.0,24.0,Shots,93425
446.0,874.0,Touches,93425
229.0,659.0,Passes,93425
20.0,12.0,Tackles,93425
43.0,17.0,Clearances,93425
4.0,7.0,Corners,93425
1.0,1.0,Offsides,93425
1.0,1.0,Yellow cards,93425
7.0,13.0,Fouls conceded,93425
1.0,1.0,Goal,93425
59.4,40.6,Possession %,93421
4.0,2.0,Shots on target,93421
16.0,12.0,Shots,93421
736.0,561.0,Touches,93421
560.0,373.0,Passes,93421
9.0,13.0,Tackles,93421
31.0,25.0,Clearances,93421
4.0,3.0,Corners,93421
2.0,0.0,Offsides,93421
1.0,4.0,Yellow cards,93421
12.0,14.0,Fouls conceded,93421
3.0,2.0,Goal,93421
67.5,32.5,Possession %,93422
5.0,3.0,Shots on target,93422
17.0,4.0,Shots,93422
772.0,468.0,Touches,93422
591.0,296.0,Passes,93422
15.0,14.0,Tackles,93422
7.0,38.0,Clearances,93422
12.0,1.0,Corners,93422
2.0,0.0,Offsides,93422
0.0,5.0,Yellow cards,93422
9.0,12.0,Fouls conceded,93422
0.0,2.0,Goal,93422
20.1,79.9,Possession %,93423
4.0,2.0,Shots on target,93423
10.0,7.0,Shots,93423
356.0,1023.0,Touches,93423
208.0,866.0,Passes,93423
16.0,6.0,Tackles,93423
24.0,12.0,Clearances,93423
3.0,3.0,Corners,93423
0.0,3.0,Offsides,93423
4.0,2.0,Yellow cards,93423
15.0,5.0,Fouls conceded,93423
1.0,1.0,Goal,93423
40.9,59.1,Possession %,93427
2.0,1.0,Shots on target,93427
9.0,14.0,Shots,93427
521.0,655.0,Touches,93427
342.0,484.0,Passes,93427
18.0,11.0,Tackles,93427
26.0,14.0,Clearances,93427
0.0,11.0,Corners,93427
2.0,1.0,Offsides,93427
5.0,1.0,Yellow cards,93427
14.0,9.0,Fouls conceded,93427
1.0,0.0,Goal,93427
45.0,55.0,Possession %,93424
3.0,5.0,Shots on target,93424
18.0,12.0,Shots,93424
565.0,645.0,Touches,93424
363.0,454.0,Passes,93424
14.0,13.0,Tackles,93424
21.0,27.0,Clearances,93424
9.0,4.0,Corners,93424
1.0,2.0,Offsides,93424
5.0,2.0,Yellow cards,93424
9.0,15.0,Fouls conceded,93424
0.0,1.0,Goal,93424
64.8,35.2,Possession %,93426
8.0,1.0,Shots on target,93426
21.0,5.0,Shots,93426
857.0,515.0,Touches,93426
731.0,395.0,Passes,93426
5.0,7.0,Tackles,93426
9.0,21.0,Clearances,93426
12.0,1.0,Corners,93426
0.0,2.0,Offsides,93426
0.0,1.0,Yellow cards,93426
8.0,9.0,Fouls conceded,93426
6.0,1.0,Goal,93426
38.1,61.9,Possession %,93429
2.0,3.0,Shots on target,93429
11.0,10.0,Shots,93429
487.0,694.0,Touches,93429
300.0,501.0,Passes,93429
24.0,13.0,Tackles,93429
14.0,25.0,Clearances,93429
4.0,4.0,Corners,93429
0.0,3.0,Offsides,93429
2.0,3.0,Yellow cards,93429
13.0,10.0,Fouls conceded,93429
2.0,1.0,Goal,93429
63.7,36.3,Possession %,93419
2.0,4.0,Shots on target,93419
12.0,10.0,Shots,93419
863.0,566.0,Touches,93419
649.0,365.0,Passes,93419
17.0,29.0,Tackles,93419
13.0,28.0,Clearances,93419
4.0,3.0,Corners,93419
1.0,3.0,Offsides,93419
4.0,1.0,Yellow cards,93419
7.0,11.0,Fouls conceded,93419
0.0,1.0,Goal,93419
70.5,29.5,Possession %,93412
6.0,1.0,Shots on target,93412
17.0,7.0,Shots,93412
758.0,387.0,Touches,93412
617.0,243.0,Passes,93412
11.0,17.0,Tackles,93412
9.0,8.0,Clearances,93412
6.0,4.0,Corners,93412
0.0,6.0,Offsides,93412
3.0,2.0,Yellow cards,93412
11.0,10.0,Fouls conceded,93412
3.0,1.0,Goal,93412
71.1,28.9,Possession %,93414
7.0,5.0,Shots on target,93414
18.0,10.0,Shots,93414
999.0,512.0,Touches,93414
823.0,331.0,Passes,93414
21.0,27.0,Tackles,93414
10.0,14.0,Clearances,93414
7.0,3.0,Corners,93414
0.0,1.0,Offsides,93414
0.0,3.0,Yellow cards,93414
12.0,8.0,Fouls conceded,93414
1.0,1.0,Goal,93414
72.6,27.4,Possession %,93417
8.0,1.0,Shots on target,93417
21.0,9.0,Shots,93417
923.0,454.0,Touches,93417
728.0,266.0,Passes,93417
12.0,19.0,Tackles,93417
11.0,31.0,Clearances,93417
8.0,3.0,Corners,93417
1.0,3.0,Offsides,93417
2.0,3.0,Yellow cards,93417
9.0,13.0,Fouls conceded,93417
3.0,0.0,Goal,93417
0.0,3.0,Goal,93418
68.8,31.2,Possession %,93415
2.0,5.0,Shots on target,93415
17.0,7.0,Shots,93415
921.0,508.0,Touches,93415
730.0,333.0,Passes,93415
11.0,19.0,Tackles,93415
12.0,35.0,Clearances,93415
10.0,1.0,Corners,93415
1.0,4.0,Yellow cards,93415
12.0,7.0,Fouls conceded,93415
0.0,2.0,Goal,93415
67.1,32.9,Possession %,93411
8.0,0.0,Shots on target,93411
13.0,2.0,Shots,93411
810.0,463.0,Touches,93411
659.0,323.0,Passes,93411
10.0,20.0,Tackles,93411
8.0,21.0,Clearances,93411
6.0,1.0,Corners,93411
1.0,1.0,Offsides,93411
0.0,3.0,Yellow cards,93411
9.0,13.0,Fouls conceded,93411
5.0,0.0,Goal,93411
44.3,55.7,Possession %,93413
6.0,3.0,Shots on target,93413
13.0,6.0,Shots,93413
565.0,658.0,Touches,93413
366.0,470.0,Passes,93413
25.0,12.0,Tackles,93413
16.0,26.0,Clearances,93413
10.0,5.0,Corners,93413
3.0,1.0,Offsides,93413
2.0,3.0,Yellow cards,93413
9.0,12.0,Fouls conceded,93413
2.0,1.0,Goal,93413
43.2,56.8,Possession %,93420
6.0,5.0,Shots on target,93420
11.0,13.0,Shots,93420
598.0,718.0,Touches,93420
393.0,516.0,Passes,93420
28.0,16.0,Tackles,93420
21.0,21.0,Clearances,93420
8.0,7.0,Corners,93420
2.0,0.0,Offsides,93420
1.0,4.0,Yellow cards,93420
13.0,15.0,Fouls conceded,93420
2.0,2.0,Goal,93420
24.3,75.7,Possession %,93416
3.0,1.0,Shots on target,93416
13.0,10.0,Shots,93416
416.0,943.0,Touches,93416
220.0,732.0,Passes,93416
24.0,20.0,Tackles,93416
12.0,23.0,Clearances,93416
11.0,2.0,Corners,93416
1.0,3.0,Offsides,93416
2.0,1.0,Yellow cards,93416
19.0,11.0,Fouls conceded,93416
1.0,2.0,Goal,93416
55.6,44.4,Possession %,93410
5.0,3.0,Shots on target,93410
15.0,10.0,Shots,93410
778.0,663.0,Touches,93410
593.0,463.0,Passes,93410
19.0,19.0,Tackles,93410
12.0,12.0,Clearances,93410
3.0,5.0,Corners,93410
4.0,6.0,Offsides,93410
2.0,0.0,Yellow cards,93410
10.0,14.0,Fouls conceded,93410
2.0,0.0,Goal,93410
58.3,41.7,Possession %,93401
7.0,4.0,Shots on target,93401
15.0,14.0,Shots,93401
668.0,501.0,Touches,93401
501.0,350.0,Passes,93401
18.0,5.0,Tackles,93401
19.0,17.0,Clearances,93401
8.0,7.0,Corners,93401
2.0,3.0,Offsides,93401
0.0,1.0,Yellow cards,93401
8.0,15.0,Fouls conceded,93401
4.0,1.0,Goal,93401
33.7,66.3,Possession %,93402
4.0,7.0,Shots on target,93402
7.0,21.0,Shots,93402
501.0,812.0,Touches,93402
303.0,598.0,Passes,93402
18.0,26.0,Tackles,93402
17.0,15.0,Clearances,93402
3.0,12.0,Corners,93402
0.0,1.0,Offsides,93402
2.0,6.0,Yellow cards,93402
1.0,0.0,Red cards,93402
15.0,10.0,Fouls conceded,93402
1.0,2.0,Goal,93402
49.9,50.1,Possession %,93403
10.0,1.0,Shots on target,93403
23.0,6.0,Shots,93403
618.0,635.0,Touches,93403
443.0,437.0,Passes,93403
17.0,7.0,Tackles,93403
13.0,27.0,Clearances,93403
5.0,5.0,Corners,93403
2.0,2.0,Offsides,93403
5.0,2.0,Yellow cards,93403
0.0,1.0,Red cards,93403
14.0,12.0,Fouls conceded,93403
3.0,0.0,Goal,93403
54.5,45.5,Possession %,93406
6.0,3.0,Shots on target,93406
10.0,5.0,Shots,93406
749.0,642.0,Touches,93406
609.0,506.0,Passes,93406
14.0,10.0,Tackles,93406
9.0,16.0,Clearances,93406
2.0,2.0,Corners,93406
2.0,1.0,Offsides,93406
2.0,2.0,Yellow cards,93406
1.0,0.0,Red cards,93406
9.0,11.0,Fouls conceded,93406
2.0,1.0,Goal,93406
43.3,56.7,Possession %,93404
5.0,3.0,Shots on target,93404
11.0,13.0,Shots,93404
618.0,730.0,Touches,93404
443.0,570.0,Passes,93404
17.0,19.0,Tackles,93404
17.0,5.0,Clearances,93404
2.0,7.0,Corners,93404
2.0,1.0,Offsides,93404
3.0,3.0,Yellow cards,93404
7.0,14.0,Fouls conceded,93404
2.0,2.0,Goal,93404
37.5,62.5,Possession %,93409
6.0,5.0,Shots on target,93409
12.0,14.0,Shots,93409
522.0,747.0,Touches,93409
332.0,556.0,Passes,93409
14.0,16.0,Tackles,93409
22.0,18.0,Clearances,93409
5.0,4.0,Corners,93409
3.0,4.0,Offsides,93409
3.0,1.0,Yellow cards,93409
12.0,10.0,Fouls conceded,93409
1.0,2.0,Goal,93409
77.5,22.5,Possession %,93405
6.0,1.0,Shots on target,93405
26.0,6.0,Shots,93405
935.0,409.0,Touches,93405
742.0,213.0,Passes,93405
13.0,17.0,Tackles,93405
14.0,28.0,Clearances,93405
12.0,4.0,Corners,93405
2.0,1.0,Offsides,93405
1.0,1.0,Yellow cards,93405
0.0,1.0,Red cards,93405
9.0,9.0,Fouls conceded,93405
2.0,0.0,Goal,93405
59.5,40.5,Possession %,93407
7.0,3.0,Shots on target,93407
10.0,17.0,Shots,93407
749.0,570.0,Touches,93407
573.0,389.0,Passes,93407
8.0,20.0,Tackles,93407
15.0,23.0,Clearances,93407
6.0,8.0,Corners,93407
0.0,1.0,Offsides,93407
2.0,3.0,Yellow cards,93407
7.0,12.0,Fouls conceded,93407
4.0,0.0,Goal,93407
57.2,42.8,Possession %,93408
8.0,4.0,Shots on target,93408
19.0,13.0,Shots,93408
701.0,567.0,Touches,93408
494.0,361.0,Passes,93408
14.0,9.0,Tackles,93408
22.0,25.0,Clearances,93408
4.0,2.0,Corners,93408
2.0,0.0,Offsides,93408
3.0,0.0,Yellow cards,93408
12.0,11.0,Fouls conceded,93408
2.0,2.0,Goal,93408
46.0,54.0,Possession %,93392
3.0,4.0,Shots on target,93392
14.0,14.0,Shots,93392
611.0,673.0,Touches,93392
418.0,498.0,Passes,93392
17.0,22.0,Tackles,93392
13.0,19.0,Clearances,93392
8.0,1.0,Corners,93392
1.0,0.0,Offsides,93392
1.0,2.0,Yellow cards,93392
12.0,20.0,Fouls conceded,93392
2.0,2.0,Goal,93392
49.0,51.0,Possession %,93391
2.0,1.0,Shots on target,93391
12.0,4.0,Shots,93391
667.0,669.0,Touches,93391
500.0,521.0,Passes,93391
20.0,22.0,Tackles,93391
10.0,14.0,Clearances,93391
5.0,4.0,Corners,93391
2.0,0.0,Offsides,93391
2.0,3.0,Yellow cards,93391
8.0,7.0,Fouls conceded,93391
1.0,0.0,Goal,93391
33.1,66.9,Possession %,93397
2.0,4.0,Shots on target,93397
12.0,15.0,Shots,93397
475.0,785.0,Touches,93397
252.0,553.0,Passes,93397
26.0,20.0,Tackles,93397
24.0,26.0,Clearances,93397
5.0,6.0,Corners,93397
4.0,4.0,Offsides,93397
2.0,1.0,Yellow cards,93397
0.0,1.0,Red cards,93397
16.0,7.0,Fouls conceded,93397
0.0,1.0,Goal,93397
37.6,62.4,Possession %,93393
3.0,5.0,Shots on target,93393
10.0,9.0,Shots,93393
562.0,839.0,Touches,93393
390.0,664.0,Passes,93393
24.0,22.0,Tackles,93393
9.0,9.0,Clearances,93393
7.0,3.0,Corners,93393
4.0,2.0,Offsides,93393
2.0,4.0,Yellow cards,93393
11.0,8.0,Fouls conceded,93393
1.0,4.0,Goal,93393
47.4,52.6,Possession %,93395
8.0,4.0,Shots on target,93395
25.0,11.0,Shots,93395
629.0,687.0,Touches,93395
386.0,434.0,Passes,93395
28.0,20.0,Tackles,93395
18.0,30.0,Clearances,93395
8.0,7.0,Corners,93395
2.0,0.0,Offsides,93395
1.0,2.0,Yellow cards,93395
14.0,15.0,Fouls conceded,93395
3.0,0.0,Goal,93395
60.3,39.7,Possession %,93396
6.0,2.0,Shots on target,93396
20.0,5.0,Shots,93396
749.0,553.0,Touches,93396
517.0,342.0,Passes,93396
24.0,20.0,Tackles,93396
13.0,32.0,Clearances,93396
9.0,4.0,Corners,93396
2.0,1.0,Offsides,93396
1.0,2.0,Yellow cards,93396
8.0,10.0,Fouls conceded,93396
3.0,1.0,Goal,93396
63.9,36.1,Possession %,93398
8.0,3.0,Shots on target,93398
21.0,11.0,Shots,93398
755.0,504.0,Touches,93398
557.0,326.0,Passes,93398
4.0,18.0,Tackles,93398
9.0,42.0,Clearances,93398
7.0,5.0,Corners,93398
4.0,0.0,Offsides,93398
0.0,5.0,Yellow cards,93398
10.0,17.0,Fouls conceded,93398
2.0,1.0,Goal,93398
52.0,48.0,Possession %,93394
2.0,5.0,Shots on target,93394
8.0,16.0,Shots,93394
704.0,661.0,Touches,93394
528.0,482.0,Passes,93394
18.0,20.0,Tackles,93394
22.0,25.0,Clearances,93394
3.0,7.0,Corners,93394
0.0,2.0,Offsides,93394
0.0,1.0,Yellow cards,93394
7.0,12.0,Fouls conceded,93394
0.0,0.0,Goal,93394
48.6,51.4,Possession %,93335
3.0,4.0,Shots on target,93335
18.0,14.0,Shots,93335
591.0,615.0,Touches,93335
370.0,412.0,Passes,93335
14.0,15.0,Tackles,93335
14.0,34.0,Clearances,93335
7.0,6.0,Corners,93335
3.0,3.0,Offsides,93335
4.0,2.0,Yellow cards,93335
14.0,6.0,Fouls conceded,93335
1.0,2.0,Goal,93335
55.7,44.3,Possession %,93384
3.0,4.0,Shots on target,93384
10.0,11.0,Shots,93384
748.0,653.0,Touches,93384
561.0,462.0,Passes,93384
16.0,24.0,Tackles,93384
5.0,26.0,Clearances,93384
8.0,1.0,Corners,93384
2.0,4.0,Offsides,93384
1.0,4.0,Yellow cards,93384
15.0,12.0,Fouls conceded,93384
0.0,2.0,Goal,93384
40.9,59.1,Possession %,93387
1.0,5.0,Shots on target,93387
6.0,18.0,Shots,93387
600.0,762.0,Touches,93387
407.0,578.0,Passes,93387
17.0,11.0,Tackles,93387
38.0,10.0,Clearances,93387
1.0,11.0,Corners,93387
2.0,1.0,Offsides,93387
1.0,2.0,Yellow cards,93387
1.0,0.0,Red cards,93387
6.0,10.0,Fouls conceded,93387
1.0,1.0,Goal,93387
42.4,57.6,Possession %,93382
1.0,8.0,Shots on target,93382
8.0,15.0,Shots,93382
568.0,724.0,Touches,93382
389.0,545.0,Passes,93382
16.0,28.0,Tackles,93382
6.0,14.0,Clearances,93382
6.0,6.0,Corners,93382
2.0,0.0,Offsides,93382
0.0,1.0,Yellow cards,93382
11.0,10.0,Fouls conceded,93382
0.0,4.0,Goal,93382
67.6,32.4,Possession %,93383
5.0,2.0,Shots on target,93383
23.0,9.0,Shots,93383
828.0,502.0,Touches,93383
576.0,275.0,Passes,93383
23.0,24.0,Tackles,93383
14.0,29.0,Clearances,93383
3.0,6.0,Corners,93383
2.0,3.0,Offsides,93383
0.0,1.0,Yellow cards,93383
8.0,10.0,Fouls conceded,93383
1.0,2.0,Goal,93383
77.1,22.9,Possession %,93385
4.0,2.0,Shots on target,93385
19.0,8.0,Shots,93385
967.0,456.0,Touches,93385
741.0,221.0,Passes,93385
32.0,26.0,Tackles,93385
11.0,36.0,Clearances,93385
10.0,4.0,Corners,93385
2.0,0.0,Offsides,93385
3.0,2.0,Yellow cards,93385
10.0,8.0,Fouls conceded,93385
0.0,1.0,Goal,93385
64.5,35.5,Possession %,93388
8.0,4.0,Shots on target,93388
24.0,12.0,Shots,93388
886.0,565.0,Touches,93388
662.0,364.0,Passes,93388
23.0,15.0,Tackles,93388
14.0,24.0,Clearances,93388
11.0,5.0,Corners,93388
4.0,1.0,Offsides,93388
5.0,4.0,Yellow cards,93388
0.0,2.0,Red cards,93388
11.0,17.0,Fouls conceded,93388
2.0,1.0,Goal,93388
38.0,62.0,Possession %,93381
9.0,3.0,Shots on target,93381
19.0,11.0,Shots,93381
490.0,695.0,Touches,93381
320.0,518.0,Passes,93381
21.0,19.0,Tackles,93381
12.0,12.0,Clearances,93381
1.0,3.0,Corners,93381
0.0,6.0,Offsides,93381
4.0,4.0,Yellow cards,93381
19.0,21.0,Fouls conceded,93381
6.0,1.0,Goal,93381
52.8,47.2,Possession %,93386
8.0,2.0,Shots on target,93386
20.0,8.0,Shots,93386
700.0,637.0,Touches,93386
510.0,463.0,Passes,93386
21.0,13.0,Tackles,93386
10.0,23.0,Clearances,93386
5.0,3.0,Corners,93386
1.0,3.0,Offsides,93386
1.0,3.0,Yellow cards,93386
7.0,15.0,Fouls conceded,93386
2.0,0.0,Goal,93386
52.4,47.6,Possession %,93389
9.0,2.0,Shots on target,93389
20.0,16.0,Shots,93389
681.0,621.0,Touches,93389
494.0,441.0,Passes,93389
16.0,14.0,Tackles,93389
18.0,20.0,Clearances,93389
7.0,4.0,Corners,93389
2.0,3.0,Offsides,93389
1.0,1.0,Yellow cards,93389
6.0,9.0,Fouls conceded,93389
2.0,0.0,Goal,93389
31.9,68.1,Possession %,93390
1.0,8.0,Shots on target,93390
3.0,23.0,Shots,93390
462.0,773.0,Touches,93390
282.0,597.0,Passes,93390
12.0,15.0,Tackles,93390
28.0,7.0,Clearances,93390
0.0,6.0,Corners,93390
2.0,0.0,Offsides,93390
6.0,5.0,Yellow cards,93390
18.0,12.0,Fouls conceded,93390
2.0,1.0,Goal,93390
46.5,53.5,Possession %,93371
6.0,5.0,Shots on target,93371
13.0,13.0,Shots,93371
579.0,627.0,Touches,93371
377.0,449.0,Passes,93371
24.0,28.0,Tackles,93371
12.0,21.0,Clearances,93371
11.0,4.0,Corners,93371
2.0,3.0,Offsides,93371
3.0,4.0,Yellow cards,93371
12.0,19.0,Fouls conceded,93371
2.0,2.0,Goal,93371
61.5,38.5,Possession %,93373
4.0,4.0,Shots on target,93373
13.0,12.0,Shots,93373
716.0,508.0,Touches,93373
519.0,325.0,Passes,93373
24.0,23.0,Tackles,93373
14.0,14.0,Clearances,93373
4.0,4.0,Corners,93373
1.0,1.0,Offsides,93373
3.0,3.0,Yellow cards,93373
12.0,17.0,Fouls conceded,93373
3.0,1.0,Goal,93373
52.7,47.3,Possession %,93375
4.0,7.0,Shots on target,93375
10.0,15.0,Shots,93375
646.0,590.0,Touches,93375
443.0,388.0,Passes,93375
23.0,21.0,Tackles,93375
24.0,15.0,Clearances,93375
5.0,11.0,Corners,93375
10.0,1.0,Offsides,93375
2.0,3.0,Yellow cards,93375
1.0,0.0,Red cards,93375
9.0,11.0,Fouls conceded,93375
0.0,1.0,Goal,93375
64.0,36.0,Possession %,93377
7.0,4.0,Shots on target,93377
22.0,11.0,Shots,93377
857.0,567.0,Touches,93377
645.0,356.0,Passes,93377
17.0,24.0,Tackles,93377
19.0,28.0,Clearances,93377
7.0,4.0,Corners,93377
2.0,1.0,Offsides,93377
0.0,2.0,Yellow cards,93377
12.0,13.0,Fouls conceded,93377
3.0,1.0,Goal,93377
42.2,57.8,Possession %,93380
1.0,15.0,Shots on target,93380
9.0,22.0,Shots,93380
621.0,801.0,Touches,93380
444.0,602.0,Passes,93380
19.0,19.0,Tackles,93380
24.0,9.0,Clearances,93380
2.0,5.0,Corners,93380
3.0,1.0,Offsides,93380
4.0,0.0,Yellow cards,93380
12.0,8.0,Fouls conceded,93380
0.0,8.0,Goal,93380
50.5,49.5,Possession %,93376
3.0,5.0,Shots on target,93376
7.0,10.0,Shots,93376
672.0,651.0,Touches,93376
475.0,462.0,Passes,93376
14.0,27.0,Tackles,93376
22.0,18.0,Clearances,93376
3.0,2.0,Corners,93376
3.0,1.0,Offsides,93376
3.0,2.0,Yellow cards,93376
10.0,15.0,Fouls conceded,93376
0.0,0.0,Goal,93376
56.4,43.6,Possession %,93378
4.0,3.0,Shots on target,93378
20.0,3.0,Shots,93378
641.0,555.0,Touches,93378
430.0,359.0,Passes,93378
20.0,14.0,Tackles,93378
5.0,33.0,Clearances,93378
10.0,1.0,Corners,93378
1.0,1.0,Offsides,93378
0.0,2.0,Yellow cards,93378
0.0,1.0,Red cards,93378
12.0,17.0,Fouls conceded,93378
1.0,1.0,Goal,93378
57.4,42.6,Possession %,93379
4.0,3.0,Shots on target,93379
7.0,10.0,Shots,93379
735.0,559.0,Touches,93379
570.0,414.0,Passes,93379
8.0,18.0,Tackles,93379
23.0,12.0,Clearances,93379
6.0,6.0,Corners,93379
0.0,3.0,Offsides,93379
3.0,7.0,Yellow cards,93379
1.0,0.0,Red cards,93379
5.0,17.0,Fouls conceded,93379
2.0,0.0,Goal,93379
57.4,42.6,Possession %,93372
2.0,6.0,Shots on target,93372
12.0,18.0,Shots,93372
764.0,616.0,Touches,93372
588.0,425.0,Passes,93372
20.0,16.0,Tackles,93372
16.0,20.0,Clearances,93372
1.0,4.0,Corners,93372
3.0,1.0,Offsides,93372
2.0,2.0,Yellow cards,93372
9.0,12.0,Fouls conceded,93372
1.0,3.0,Goal,93372
61.8,38.2,Possession %,93374
4.0,4.0,Shots on target,93374
12.0,11.0,Shots,93374
804.0,559.0,Touches,93374
647.0,403.0,Passes,93374
13.0,13.0,Tackles,93374
14.0,26.0,Clearances,93374
9.0,5.0,Corners,93374
1.0,3.0,Offsides,93374
1.0,2.0,Yellow cards,93374
6.0,12.0,Fouls conceded,93374
0.0,1.0,Goal,93374
46.1,53.9,Possession %,93367
4.0,3.0,Shots on target,93367
14.0,10.0,Shots,93367
586.0,674.0,Touches,93367
407.0,487.0,Passes,93367
13.0,10.0,Tackles,93367
17.0,30.0,Clearances,93367
5.0,4.0,Corners,93367
2.0,2.0,Offsides,93367
2.0,3.0,Yellow cards,93367
0.0,1.0,Red cards,93367
16.0,10.0,Fouls conceded,93367
1.0,1.0,Goal,93367
35.3,64.7,Possession %,93362
4.0,6.0,Shots on target,93362
13.0,14.0,Shots,93362
520.0,774.0,Touches,93362
312.0,590.0,Passes,93362
14.0,9.0,Tackles,93362
24.0,15.0,Clearances,93362
1.0,7.0,Corners,93362
1.0,2.0,Offsides,93362
1.0,5.0,Yellow cards,93362
15.0,20.0,Fouls conceded,93362
0.0,0.0,Goal,93362
26.0,74.0,Possession %,93363
1.0,4.0,Shots on target,93363
8.0,13.0,Shots,93363
372.0,834.0,Touches,93363
235.0,668.0,Passes,93363
19.0,9.0,Tackles,93363
17.0,11.0,Clearances,93363
1.0,11.0,Corners,93363
1.0,4.0,Offsides,93363
1.0,1.0,Yellow cards,93363
12.0,10.0,Fouls conceded,93363
0.0,1.0,Goal,93363
66.7,33.3,Possession %,93361
5.0,3.0,Shots on target,93361
16.0,6.0,Shots,93361
818.0,525.0,Touches,93361
604.0,303.0,Passes,93361
26.0,23.0,Tackles,93361
8.0,29.0,Clearances,93361
4.0,2.0,Corners,93361
1.0,0.0,Offsides,93361
5.0,3.0,Yellow cards,93361
13.0,9.0,Fouls conceded,93361
3.0,1.0,Goal,93361
77.6,22.4,Possession %,93364
2.0,2.0,Shots on target,93364
13.0,7.0,Shots,93364
983.0,391.0,Touches,93364
809.0,222.0,Passes,93364
17.0,20.0,Tackles,93364
10.0,17.0,Clearances,93364
6.0,2.0,Corners,93364
0.0,1.0,Offsides,93364
2.0,2.0,Yellow cards,93364
6.0,14.0,Fouls conceded,93364
1.0,0.0,Goal,93364
56.3,43.7,Possession %,93366
2.0,2.0,Shots on target,93366
9.0,11.0,Shots,93366
672.0,558.0,Touches,93366
464.0,367.0,Passes,93366
12.0,30.0,Tackles,93366
19.0,28.0,Clearances,93366
8.0,3.0,Corners,93366
0.0,1.0,Offsides,93366
3.0,5.0,Yellow cards,93366
8.0,12.0,Fouls conceded,93366
1.0,0.0,Goal,93366
34.2,65.8,Possession %,93370
2.0,6.0,Shots on target,93370
11.0,16.0,Shots,93370
589.0,918.0,Touches,93370
367.0,729.0,Passes,93370
22.0,24.0,Tackles,93370
24.0,19.0,Clearances,93370
4.0,4.0,Corners,93370
1.0,0.0,Offsides,93370
1.0,3.0,Yellow cards,93370
10.0,4.0,Fouls conceded,93370
1.0,3.0,Goal,93370
43.9,56.1,Possession %,93365
4.0,8.0,Shots on target,93365
14.0,10.0,Shots,93365
659.0,808.0,Touches,93365
497.0,661.0,Passes,93365
16.0,19.0,Tackles,93365
2.0,17.0,Clearances,93365
8.0,1.0,Corners,93365
4.0,1.0,Offsides,93365
2.0,2.0,Yellow cards,93365
8.0,9.0,Fouls conceded,93365
1.0,3.0,Goal,93365
70.1,29.9,Possession %,93368
10.0,5.0,Shots on target,93368
28.0,7.0,Shots,93368
833.0,465.0,Touches,93368
620.0,269.0,Passes,93368
17.0,22.0,Tackles,93368
5.0,34.0,Clearances,93368
15.0,2.0,Corners,93368
2.0,3.0,Offsides,93368
6.0,5.0,Yellow cards,93368
0.0,1.0,Red cards,93368
13.0,14.0,Fouls conceded,93368
2.0,1.0,Goal,93368
31.6,68.4,Possession %,93369
3.0,15.0,Shots on target,93369
6.0,29.0,Shots,93369
500.0,860.0,Touches,93369
320.0,704.0,Passes,93369
14.0,11.0,Tackles,93369
30.0,5.0,Clearances,93369
4.0,11.0,Corners,93369
1.0,0.0,Offsides,93369
3.0,2.0,Yellow cards,93369
7.0,11.0,Fouls conceded,93369
1.0,3.0,Goal,93369
42.9,57.1,Possession %,93356
11.0,4.0,Shots on target,93356
16.0,12.0,Shots,93356
583.0,722.0,Touches,93356
393.0,519.0,Passes,93356
24.0,26.0,Tackles,93356
20.0,15.0,Clearances,93356
4.0,2.0,Corners,93356
1.0,2.0,Offsides,93356
1.0,3.0,Yellow cards,93356
12.0,12.0,Fouls conceded,93356
3.0,2.0,Goal,93356
63.7,36.3,Possession %,93357
4.0,3.0,Shots on target,93357
17.0,9.0,Shots,93357
845.0,542.0,Touches,93357
694.0,388.0,Passes,93357
14.0,15.0,Tackles,93357
10.0,16.0,Clearances,93357
7.0,3.0,Corners,93357
6.0,1.0,Offsides,93357
0.0,1.0,Yellow cards,93357
12.0,7.0,Fouls conceded,93357
3.0,0.0,Goal,93357
54.8,45.2,Possession %,93351
5.0,2.0,Shots on target,93351
17.0,10.0,Shots,93351
712.0,616.0,Touches,93351
532.0,462.0,Passes,93351
11.0,15.0,Tackles,93351
8.0,27.0,Clearances,93351
12.0,3.0,Corners,93351
2.0,1.0,Offsides,93351
2.0,3.0,Yellow cards,93351
8.0,7.0,Fouls conceded,93351
3.0,1.0,Goal,93351
45.4,54.6,Possession %,93360
8.0,6.0,Shots on target,93360
13.0,16.0,Shots,93360
607.0,673.0,Touches,93360
384.0,459.0,Passes,93360
16.0,23.0,Tackles,93360
37.0,17.0,Clearances,93360
4.0,6.0,Corners,93360
1.0,2.0,Offsides,93360
1.0,2.0,Yellow cards,93360
11.0,13.0,Fouls conceded,93360
2.0,2.0,Goal,93360
61.1,38.9,Possession %,93352
7.0,5.0,Shots on target,93352
21.0,12.0,Shots,93352
689.0,509.0,Touches,93352
484.0,310.0,Passes,93352
22.0,22.0,Tackles,93352
16.0,28.0,Clearances,93352
5.0,2.0,Corners,93352
1.0,1.0,Offsides,93352
1.0,2.0,Yellow cards,93352
6.0,13.0,Fouls conceded,93352
2.0,2.0,Goal,93352
46.1,53.9,Possession %,93354
4.0,11.0,Shots on target,93354
16.0,21.0,Shots,93354
666.0,766.0,Touches,93354
467.0,563.0,Passes,93354
27.0,19.0,Tackles,93354
11.0,17.0,Clearances,93354
7.0,4.0,Corners,93354
2.0,1.0,Offsides,93354
4.0,3.0,Yellow cards,93354
15.0,9.0,Fouls conceded,93354
2.0,5.0,Goal,93354
76.1,23.9,Possession %,93355
2.0,3.0,Shots on target,93355
21.0,7.0,Shots,93355
946.0,428.0,Touches,93355
713.0,230.0,Passes,93355
16.0,23.0,Tackles,93355
11.0,37.0,Clearances,93355
7.0,0.0,Corners,93355
2.0,3.0,Offsides,93355
3.0,4.0,Yellow cards,93355
10.0,9.0,Fouls conceded,93355
0.0,1.0,Goal,93355
67.9,32.1,Possession %,93359
5.0,4.0,Shots on target,93359
7.0,6.0,Shots,93359
875.0,479.0,Touches,93359
733.0,336.0,Passes,93359
17.0,11.0,Tackles,93359
10.0,10.0,Clearances,93359
4.0,5.0,Corners,93359
1.0,1.0,Offsides,93359
2.0,4.0,Yellow cards,93359
12.0,12.0,Fouls conceded,93359
5.0,1.0,Goal,93359
55.8,44.2,Possession %,93353
6.0,2.0,Shots on target,93353
15.0,9.0,Shots,93353
741.0,596.0,Touches,93353
565.0,440.0,Passes,93353
8.0,18.0,Tackles,93353
12.0,14.0,Clearances,93353
5.0,3.0,Corners,93353
5.0,0.0,Offsides,93353
4.0,4.0,Yellow cards,93353
14.0,17.0,Fouls conceded,93353
3.0,1.0,Goal,93353
38.8,61.2,Possession %,93358
1.0,3.0,Shots on target,93358
16.0,9.0,Shots,93358
576.0,814.0,Touches,93358
366.0,609.0,Passes,93358
14.0,22.0,Tackles,93358
24.0,30.0,Clearances,93358
9.0,6.0,Corners,93358
0.0,6.0,Offsides,93358
1.0,1.0,Yellow cards,93358
8.0,13.0,Fouls conceded,93358
1.0,2.0,Goal,93358
56.9,43.1,Possession %,93345
2.0,6.0,Shots on target,93345
9.0,16.0,Shots,93345
739.0,596.0,Touches,93345
594.0,454.0,Passes,93345
10.0,15.0,Tackles,93345
14.0,14.0,Clearances,93345
4.0,6.0,Corners,93345
5.0,1.0,Offsides,93345
2.0,0.0,Yellow cards,93345
12.0,11.0,Fouls conceded,93345
1.0,3.0,Goal,93345
20.5,79.5,Possession %,93350
2.0,9.0,Shots on target,93350
6.0,30.0,Shots,93350
340.0,917.0,Touches,93350
194.0,742.0,Passes,93350
11.0,12.0,Tackles,93350
29.0,7.0,Clearances,93350
1.0,12.0,Corners,93350
1.0,2.0,Offsides,93350
4.0,0.0,Yellow cards,93350
11.0,2.0,Fouls conceded,93350
1.0,2.0,Goal,93350
60.0,40.0,Possession %,93349
8.0,4.0,Shots on target,93349
23.0,9.0,Shots,93349
751.0,575.0,Touches,93349
590.0,384.0,Passes,93349
19.0,12.0,Tackles,93349
15.0,19.0,Clearances,93349
5.0,9.0,Corners,93349
0.0,1.0,Offsides,93349
1.0,2.0,Yellow cards,93349
0.0,1.0,Red cards,93349
16.0,10.0,Fouls conceded,93349
1.0,2.0,Goal,93349
78.0,22.0,Possession %,93344
10.0,7.0,Shots on target,93344
25.0,12.0,Shots,93344
943.0,419.0,Touches,93344
749.0,208.0,Passes,93344
12.0,15.0,Tackles,93344
12.0,42.0,Clearances,93344
17.0,4.0,Corners,93344
1.0,2.0,Offsides,93344
1.0,3.0,Yellow cards,93344
10.0,9.0,Fouls conceded,93344
1.0,3.0,Goal,93344
64.0,36.0,Possession %,93594
3.0,4.0,Shots on target,93594
10.0,9.0,Shots,93594
847.0,550.0,Touches,93594
680.0,375.0,Passes,93594
9.0,13.0,Tackles,93594
19.0,15.0,Clearances,93594
6.0,3.0,Corners,93594
1.0,1.0,Offsides,93594
4.0,4.0,Yellow cards,93594
14.0,14.0,Fouls conceded,93594
1.0,0.0,Goal,93594
56.8,43.2,Possession %,93578
9.0,5.0,Shots on target,93578
21.0,17.0,Shots,93578
721.0,594.0,Touches,93578
537.0,400.0,Passes,93578
14.0,18.0,Tackles,93578
18.0,24.0,Clearances,93578
10.0,9.0,Corners,93578
2.0,1.0,Offsides,93578
2.0,5.0,Yellow cards,93578
6.0,11.0,Fouls conceded,93578
1.0,2.0,Goal,93578
55.9,44.1,Possession %,93551
10.0,5.0,Shots on target,93551
23.0,17.0,Shots,93551
677.0,565.0,Touches,93551
491.0,388.0,Passes,93551
10.0,25.0,Tackles,93551
14.0,28.0,Clearances,93551
10.0,8.0,Corners,93551
0.0,6.0,Offsides,93551
3.0,2.0,Yellow cards,93551
9.0,7.0,Fouls conceded,93551
1.0,2.0,Goal,93551
72.5,27.5,Possession %,93556
3.0,1.0,Shots on target,93556
19.0,5.0,Shots,93556
963.0,461.0,Touches,93556
772.0,294.0,Passes,93556
12.0,21.0,Tackles,93556
7.0,33.0,Clearances,93556
9.0,0.0,Corners,93556
1.0,2.0,Offsides,93556
0.0,2.0,Yellow cards,93556
6.0,11.0,Fouls conceded,93556
2.0,0.0,Goal,93556
35.9,64.1,Possession %,93550
5.0,10.0,Shots on target,93550
10.0,14.0,Shots,93550
492.0,787.0,Touches,93550
353.0,633.0,Passes,93550
17.0,8.0,Tackles,93550
13.0,13.0,Clearances,93550
3.0,4.0,Corners,93550
6.0,0.0,Offsides,93550
1.0,0.0,Yellow cards,93550
10.0,7.0,Fouls conceded,93550
0.0,5.0,Goal,93550
53.5,46.5,Possession %,93532
4.0,5.0,Shots on target,93532
12.0,9.0,Shots,93532
713.0,656.0,Touches,93532
472.0,428.0,Passes,93532
30.0,35.0,Tackles,93532
19.0,34.0,Clearances,93532
11.0,1.0,Corners,93532
2.0,1.0,Offsides,93532
1.0,4.0,Yellow cards,93532
8.0,18.0,Fouls conceded,93532
3.0,2.0,Goal,93532
50.8,49.2,Possession %,93518
6.0,4.0,Shots on target,93518
12.0,24.0,Shots,93518
657.0,643.0,Touches,93518
436.0,407.0,Passes,93518
23.0,19.0,Tackles,93518
23.0,15.0,Clearances,93518
4.0,13.0,Corners,93518
4.0,3.0,Offsides,93518
3.0,2.0,Yellow cards,93518
9.0,18.0,Fouls conceded,93518
3.0,1.0,Goal,93518
35.2,64.8,Possession %,93399
3.0,3.0,Shots on target,93399
5.0,10.0,Shots,93399
457.0,756.0,Touches,93399
318.0,603.0,Passes,93399
11.0,8.0,Tackles,93399
10.0,19.0,Clearances,93399
4.0,2.0,Corners,93399
2.0,1.0,Offsides,93399
3.0,3.0,Yellow cards,93399
11.0,18.0,Fouls conceded,93399
2.0,2.0,Goal,93399
46.3,53.7,Possession %,93400
3.0,4.0,Shots on target,93400
8.0,18.0,Shots,93400
506.0,565.0,Touches,93400
358.0,395.0,Passes,93400
13.0,7.0,Tackles,93400
23.0,9.0,Clearances,93400
2.0,10.0,Corners,93400
3.0,1.0,Offsides,93400
3.0,2.0,Yellow cards,93400
1.0,0.0,Red cards,93400
19.0,9.0,Fouls conceded,93400
1.0,1.0,Goal,93400
71.1,28.9,Possession %,93341
11.0,3.0,Shots on target,93341
19.0,8.0,Shots,93341
879.0,440.0,Touches,93341
680.0,274.0,Passes,93341
14.0,18.0,Tackles,93341
10.0,38.0,Clearances,93341
8.0,3.0,Corners,93341
4.0,1.0,Offsides,93341
0.0,4.0,Yellow cards,93341
0.0,1.0,Red cards,93341
6.0,5.0,Fouls conceded,93341
2.0,2.0,Goal,93341
59.8,40.2,Possession %,93343
1.0,5.0,Shots on target,93343
12.0,15.0,Shots,93343
705.0,544.0,Touches,93343
518.0,348.0,Passes,93343
9.0,20.0,Tackles,93343
9.0,24.0,Clearances,93343
8.0,6.0,Corners,93343
2.0,2.0,Offsides,93343
9.0,15.0,Fouls conceded,93343
1.0,1.0,Goal,93343
46.8,53.2,Possession %,93347
7.0,2.0,Shots on target,93347
15.0,11.0,Shots,93347
603.0,673.0,Touches,93347
406.0,472.0,Passes,93347
26.0,18.0,Tackles,93347
7.0,20.0,Clearances,93347
7.0,0.0,Corners,93347
1.0,1.0,Offsides,93347
3.0,4.0,Yellow cards,93347
10.0,14.0,Fouls conceded,93347
0.0,1.0,Goal,93347
58.7,41.3,Possession %,93336
4.0,1.0,Shots on target,93336
14.0,7.0,Shots,93336
823.0,613.0,Touches,93336
684.0,477.0,Passes,93336
11.0,10.0,Tackles,93336
10.0,11.0,Clearances,93336
3.0,0.0,Corners,93336
1.0,4.0,Offsides,93336
1.0,5.0,Yellow cards,93336
13.0,11.0,Fouls conceded,93336
1.0,0.0,Goal,93336
62.9,37.1,Possession %,93323
5.0,3.0,Shots on target,93323
14.0,16.0,Shots,93323
729.0,523.0,Touches,93323
517.0,304.0,Passes,93323
17.0,30.0,Tackles,93323
10.0,29.0,Clearances,93323
10.0,4.0,Corners,93323
0.0,2.0,Offsides,93323
1.0,4.0,Yellow cards,93323
9.0,14.0,Fouls conceded,93323
1.0,1.0,Goal,93323
